<?xml version="1.0" encoding="UTF-8"?>
<alto xmlns:xsi="http://www.w3.org/2001/XMLSchema-instance"
      xmlns="http://www.loc.gov/standards/alto/ns-v4#"
      xsi:schemaLocation="http://www.loc.gov/standards/alto/ns-v4# http://www.loc.gov/standards/alto/v4/alto-4-2.xsd">
  <Description>
    <MeasurementUnit>pixel</MeasurementUnit>
    <sourceImageInformation>
      <fileName>JK11_1__recadre1.pdf_page_3.png</fileName>
      
    </sourceImageInformation>
  </Description>
  
  <Tags>
    <OtherTag ID="BT1929" LABEL="DigitizationArtefactZone:fingers" DESCRIPTION="block type DigitizationArtefactZone:fingers"/><OtherTag ID="BT1930" LABEL="MainZone" DESCRIPTION="block type MainZone"/><OtherTag ID="BT1931" LABEL="MarginTextZone" DESCRIPTION="block type MarginTextZone"/><OtherTag ID="BT1932" LABEL="NumberingZone:page" DESCRIPTION="block type NumberingZone:page"/><OtherTag ID="BT1933" LABEL="NumberingZone:folio" DESCRIPTION="block type NumberingZone:folio"/><OtherTag ID="BT1934" LABEL="NumberingZone:document" DESCRIPTION="block type NumberingZone:document"/><OtherTag ID="BT1935" LABEL="CustomZone:paraph" DESCRIPTION="block type CustomZone:paraph"/><OtherTag ID="BT1941" LABEL="CustomZone:closer" DESCRIPTION="block type CustomZone:closer"/><OtherTag ID="BT1942" LABEL="CustomZone:opener" DESCRIPTION="block type CustomZone:opener"/>
    <OtherTag ID="LT777" LABEL="DefaultLine" DESCRIPTION="line type DefaultLine"/><OtherTag ID="LT778" LABEL="HeadingLine" DESCRIPTION="line type HeadingLine"/><OtherTag ID="LT779" LABEL="InterlinearZone" DESCRIPTION="line type InterlinearZone"/>
  </Tags>
  
  <Layout>
    <Page WIDTH="1737"
          HEIGHT="2635"
          PHYSICAL_IMG_NR="2"
          ID="eSc_dummypage_">
      <PrintSpace HPOS="0"
                  VPOS="0"
                  WIDTH="1737"
                  HEIGHT="2635">
        
        <TextBlock HPOS="338"
                   VPOS="0"
                   WIDTH="1399"
                   HEIGHT="2594"
                   ID="eSc_textblock_4d27d21c"
                   TAGREFS="BT1930">
          <Shape><Polygon POINTS="1635 2594 1737 38 338 0 338 2581"/></Shape>
          
          
          <TextLine ID="eSc_line_19f5c31d"
                    TAGREFS="LT777"
                    BASELINE="469 101 1196 79 1370 87 1688 127" 
                    HPOS="467"
                    VPOS="26"
                    WIDTH="1221"
                    HEIGHT="101">
            <Shape><Polygon POINTS="1666 50 1556 50 1554 48 1530 28 1528 28 1526 28 1504 26 1499 26 1477 26 1455 26 1449 26 1427 37 1196 26 1192 26 1170 26 1148 26 1144 26 1122 46 1117 46 1093 46 1091 46 1069 26 1060 26 1056 26 1032 39 1005 26 994 26 992 26 964 41 922 32 920 32 917 32 915 32 915 35 904 43 898 52 858 52 841 43 808 28 797 28 775 28 753 28 731 30 709 30 698 30 687 41 676 50 601 41 577 39 570 32 555 32 533 32 511 32 480 37 467 50 469 101 469 114 540 114 542 114 568 127 570 127 573 127 575 127 577 127 592 114 603 105 623 114 641 122 643 122 645 122 647 122 650 122 658 114 669 107 764 111 766 111 858 98 904 118 922 125 924 125 926 125 928 125 931 125 931 122 937 118 959 98 1016 98 1060 120 1062 120 1065 120 1067 120 1069 120 1071 120 1071 118 1095 98 1280 98 1390 107 1407 122 1407 125 1409 125 1411 125 1414 125 1416 125 1420 122 1442 111 1458 125 1460 125 1462 125 1464 127 1651 127 1688 127 1679 63 1673 57"/></Shape>
	    <String CONTENT="Et pour exécuter et accomplir le présent testament, le dit hector"
                    HPOS="467"
                    VPOS="26"
                    WIDTH="1221"
                    HEIGHT="101"></String>
          </TextLine>

          
          
          <TextLine ID="eSc_line_4c53984d"
                    TAGREFS="LT777"
                    BASELINE="439 162 1225 147 1462 164 1690 197" 
                    HPOS="436"
                    VPOS="90"
                    WIDTH="1254"
                    HEIGHT="107">
            <Shape><Polygon POINTS="1664 125 1497 125 1486 122 1321 90 1319 90 1317 90 1278 101 1194 90 1192 90 1190 90 1166 103 1155 92 1155 90 1152 90 1150 90 1091 90 1089 90 1086 90 1084 90 1040 118 1034 120 966 120 959 116 889 90 887 90 884 90 772 94 770 94 768 94 768 96 748 114 740 122 641 122 632 114 628 109 625 109 623 109 621 109 586 114 562 116 557 114 544 103 544 101 542 101 540 101 538 101 535 101 502 111 487 118 478 111 461 101 458 101 456 101 454 101 452 101 436 107 439 162 439 171 487 186 489 186 491 186 494 186 496 186 496 184 509 173 555 182 557 182 663 175 900 158 1225 158 1251 173 1253 173 1256 173 1258 173 1260 173 1297 162 1385 182 1596 186 1690 197 1688 127 1686 127"/></Shape>
	    <String CONTENT="choisi et nomme Monton comme Son ami malabard libre habitant"
                    HPOS="436"
                    VPOS="90"
                    WIDTH="1254"
                    HEIGHT="107"></String>
          </TextLine>

          
          
          <TextLine ID="eSc_line_1ecb8fd7"
                    TAGREFS="LT777"
                    BASELINE="436 219 1253 204 1466 219 1701 254" 
                    HPOS="434"
                    VPOS="149"
                    WIDTH="1267"
                    HEIGHT="105">
            <Shape><Polygon POINTS="1684 197 1662 195 1640 191 1618 188 1596 184 1493 184 1427 162 1422 162 1420 162 1392 175 1372 160 1370 160 1368 160 1365 160 1315 164 1242 149 1225 149 1203 149 1181 149 1159 149 1137 149 1115 149 1093 151 1071 151 1049 151 1027 151 1010 151 1001 160 983 151 983 153 966 153 915 177 882 153 873 155 852 155 830 155 808 155 786 155 764 158 755 158 751 162 715 158 698 158 676 158 654 160 632 160 617 160 507 182 465 162 463 162 461 162 458 162 456 162 434 180 436 219 436 226 588 237 590 237 680 232 832 221 884 232 887 232 889 232 944 215 966 228 968 228 970 228 972 228 1190 215 1205 228 1205 230 1207 230 1209 230 1212 230 1335 221 1466 245 1482 248 1484 250 1642 250 1701 254 1699 184 1684 184 1684 197"/></Shape>
	    <String CONTENT="à la nouvelle découverte dépendant de ce Canton, lequel il prie d&#39;en"
                    HPOS="434"
                    VPOS="149"
                    WIDTH="1267"
                    HEIGHT="105"></String>
          </TextLine>

          
          
          <TextLine ID="eSc_line_41e01d9b"
                    TAGREFS="LT777"
                    BASELINE="441 276 1260 261 1688 303" 
                    HPOS="439"
                    VPOS="208"
                    WIDTH="1249"
                    HEIGHT="97">
            <Shape><Polygon POINTS="1668 250 1646 248 1625 243 1603 241 1594 239 1427 237 1348 210 1339 210 1317 210 1310 208 1196 219 1021 208 1010 210 988 210 966 210 950 210 939 217 933 210 922 210 900 212 878 212 856 212 834 212 812 212 797 212 720 234 718 234 685 223 682 223 680 223 678 223 643 234 641 234 606 219 603 219 601 219 599 219 564 232 531 219 527 219 505 219 489 219 472 234 441 234 441 276 439 294 548 283 632 298 639 298 641 298 643 298 645 298 663 283 821 278 863 278 884 294 887 294 889 294 891 294 985 274 1286 274 1405 303 1411 303 1414 305 1664 305 1688 303 1686 252 1668 250"/></Shape>
	    <String CONTENT="prendre la peine se désaisissant entre ses mains de tous ses biens"
                    HPOS="439"
                    VPOS="208"
                    WIDTH="1249"
                    HEIGHT="97"></String>
          </TextLine>

          
          
          <TextLine ID="eSc_line_49ae67d3"
                    TAGREFS="LT777"
                    BASELINE="428 329 1209 318 1475 342 1721 377" 
                    HPOS="426"
                    VPOS="265"
                    WIDTH="1295"
                    HEIGHT="112">
            <Shape><Polygon POINTS="1653 300 1646 298 1429 298 1429 296 1339 274 1337 274 1029 265 1021 267 999 267 977 267 966 267 849 274 847 292 779 270 779 272 761 272 740 281 722 272 713 272 691 272 682 272 680 274 678 272 669 274 652 274 636 289 612 278 610 278 608 278 527 287 509 276 494 276 472 276 467 276 428 287 428 329 426 349 531 357 533 357 535 357 557 351 636 331 794 353 797 353 799 353 801 353 801 351 816 338 884 353 887 353 889 353 977 331 1223 331 1488 366 1491 366 1640 368 1721 377 1721 298 1675 298 1675 303"/></Shape>
	    <String CONTENT="Suivant la Coutume, révoquant tous les autres testaments et codiciles"
                    HPOS="426"
                    VPOS="265"
                    WIDTH="1295"
                    HEIGHT="112"></String>
          </TextLine>

          
          
          <TextLine ID="eSc_line_078e5da4"
                    TAGREFS="LT777"
                    BASELINE="428 388 1271 377 1431 388 1653 421" 
                    HPOS="426"
                    VPOS="322"
                    WIDTH="1227"
                    HEIGHT="99">
            <Shape><Polygon POINTS="1609 362 1587 360 1567 357 1545 353 1523 351 1473 351 1440 340 1436 340 1414 338 1392 335 1383 333 1352 346 1330 329 1326 329 1304 327 1282 327 1260 324 1238 322 1207 322 1205 322 1203 322 1201 322 1188 335 1152 322 1150 322 1148 322 1146 322 1082 342 1036 322 1034 322 1018 322 996 322 975 322 953 322 942 322 939 322 937 322 884 335 748 324 733 327 729 327 658 349 614 335 612 335 610 335 520 349 491 329 491 329 474 329 426 351 428 388 430 415 489 397 581 412 584 412 586 412 623 395 636 408 639 408 641 408 643 408 645 408 671 397 704 410 707 410 709 410 711 410 775 393 814 404 816 404 819 404 821 404 845 393 882 404 884 404 887 404 1051 393 1097 410 1100 410 1102 410 1104 410 1106 410 1124 397 1141 406 1144 406 1146 406 1218 393 1240 404 1242 404 1245 404 1247 404 1269 397 1297 419 1300 419 1302 419 1304 421 1363 421 1363 419 1365 419 1368 419 1368 417 1383 406 1398 419 1401 419 1403 419 1405 421 1622 421 1653 421 1625 364 1609 362"/></Shape>
	    <String CONTENT="qu&#39;il aurait pu faire avant celui ci auquel Seul il s&#39;arrête comme"
                    HPOS="426"
                    VPOS="322"
                    WIDTH="1227"
                    HEIGHT="99"></String>
          </TextLine>

          
          
          <TextLine ID="eSc_line_763de272"
                    TAGREFS="LT777"
                    BASELINE="423 443 1016 434" 
                    HPOS="421"
                    VPOS="382"
                    WIDTH="595"
                    HEIGHT="76">
            <Shape><Polygon POINTS="926 384 924 384 917 390 909 395 893 390 873 384 860 384 852 384 825 393 808 397 781 393 746 388 744 388 713 395 696 399 691 395 680 386 678 386 676 386 674 386 566 397 494 388 491 388 421 401 423 443 423 452 972 458 975 458 977 458 1016 443 1016 434 1010 388 968 395 953 388 937 382 926 384"/></Shape>
	    <String CONTENT="contenant sa dernière Volonté"
                    HPOS="421"
                    VPOS="382"
                    WIDTH="595"
                    HEIGHT="76"></String>
          </TextLine>

          
          
          <TextLine ID="eSc_line_c9ba100d"
                    TAGREFS="LT777"
                    BASELINE="465 507 720 498 1183 502 1684 546" 
                    HPOS="463"
                    VPOS="436"
                    WIDTH="1221"
                    HEIGHT="119">
            <Shape><Polygon POINTS="884 436 876 436 825 450 794 439 772 439 751 439 748 439 733 443 687 441 685 441 665 441 643 441 632 441 623 450 465 445 465 507 463 513 691 522 693 522 698 522 816 509 838 524 841 524 843 524 845 524 847 524 873 511 990 533 1010 535 1012 535 1032 533 1148 522 1679 555 1684 546 1684 494 1534 476 1532 476 1530 476 1506 485 1422 458 1420 458 1418 458 1346 465 1300 454 1297 454 1295 454 1293 454 1291 454 1278 465 1155 447 1152 447 1150 447 1097 465 1065 454 1062 454 1060 454 1005 465 964 452 961 452 959 452 920 458 889 436 887 436"/></Shape>
	    <String CONTENT="Ainsi a été fait, dicté et nommé par le dit heco testateur au Cit."
                    HPOS="463"
                    VPOS="436"
                    WIDTH="1221"
                    HEIGHT="119"></String>
          </TextLine>

          
          
          <TextLine ID="eSc_line_9de87474"
                    TAGREFS="LT777"
                    BASELINE="412 557 1196 562 1690 612" 
                    HPOS="410"
                    VPOS="500"
                    WIDTH="1280"
                    HEIGHT="121">
            <Shape><Polygon POINTS="1422 524 1411 522 1376 546 1346 518 1335 518 1313 516 1300 513 1198 511 1196 511 1194 511 1192 511 1177 522 1139 509 1137 509 1135 509 1133 509 1130 509 1115 520 1106 509 1104 509 1104 507 1102 507 1100 507 1097 507 1095 507 1021 529 959 502 957 502 955 502 953 502 920 513 838 500 830 500 808 500 786 500 764 500 761 500 759 500 757 500 724 522 702 502 700 502 698 502 696 502 693 502 691 502 691 505 678 516 654 500 654 502 632 502 617 502 577 518 419 516 412 542 412 557 410 577 458 570 619 586 621 586 623 586 676 566 742 579 744 579 830 566 931 568 957 595 957 597 959 597 961 597 964 597 966 597 968 597 1007 573 1034 584 1036 584 1038 584 1095 575 1139 575 1170 599 1172 599 1174 599 1177 599 1179 599 1240 581 1302 597 1304 597 1306 597 1308 597 1346 584 1440 595 1455 610 1455 612 1458 612 1460 612 1462 612 1464 612 1491 599 1548 617 1554 619 1556 619 1688 621 1690 612 1690 557 1477 551 1477 548 1444 527"/></Shape>
	    <String CONTENT="Jean Baptiste Bombard notaire public au Canton des Pamplemousses"
                    HPOS="410"
                    VPOS="500"
                    WIDTH="1280"
                    HEIGHT="121"></String>
          </TextLine>

          
          
          <TextLine ID="eSc_line_5ed403da"
                    TAGREFS="LT777"
                    BASELINE="406 612 1177 619 1662 656" 
                    HPOS="404"
                    VPOS="559"
                    WIDTH="1258"
                    HEIGHT="106">
            <Shape><Polygon POINTS="1633 608 1611 606 1598 603 1444 601 1442 599 1429 586 1416 586 1394 584 1372 581 1361 579 1271 586 1095 568 1093 568 1091 568 1060 586 1038 566 1036 566 1034 566 1032 566 964 579 942 564 939 564 937 564 935 564 810 575 759 559 757 559 755 559 753 559 751 559 722 579 720 579 671 577 654 577 639 562 636 562 634 562 632 562 502 573 491 573 489 573 472 559 450 559 434 559 421 562 406 577 406 612 404 628 463 621 480 632 480 634 483 634 485 634 487 634 507 634 603 628 685 638 691 638 693 638 696 638 729 625 783 638 786 638 788 638 876 628 1007 630 1021 643 1023 643 1025 643 1027 643 1108 634 1256 641 1271 656 1273 656 1275 656 1278 658 1330 658 1330 656 1332 656 1335 656 1335 654 1350 641 1433 660 1442 660 1657 665 1662 656 1662 610 1655 610"/></Shape>
	    <String CONTENT="y demeurant en présence et assisté des citoyens Claude Antoine"
                    HPOS="404"
                    VPOS="559"
                    WIDTH="1258"
                    HEIGHT="106"></String>
          </TextLine>

          
          
          <TextLine ID="eSc_line_f9f1fac3"
                    TAGREFS="LT777"
                    BASELINE="406 663 1194 674 1717 715" 
                    HPOS="404"
                    VPOS="614"
                    WIDTH="1313"
                    HEIGHT="108">
            <Shape><Polygon POINTS="1394 636 1385 634 1302 649 1300 649 1295 649 1205 628 1203 628 1201 628 1148 645 1146 645 1124 625 1122 625 1119 625 1117 625 1051 638 1014 621 1012 621 1010 621 961 630 882 617 880 617 812 630 748 617 735 617 713 617 709 617 674 628 610 614 603 614 581 614 577 614 562 625 557 625 502 614 494 614 472 614 450 614 445 614 439 621 436 621 406 621 406 663 404 678 707 691 709 691 711 691 715 689 748 676 849 693 863 696 865 696 867 696 869 696 893 682 1005 682 1086 700 1089 700 1262 693 1304 709 1308 711 1310 711 1313 711 1321 711 1383 698 1414 713 1418 715 1420 715 1712 722 1717 715 1717 665 1433 656 1431 654 1407 636 1394 636"/></Shape>
	    <String CONTENT="franchabois et pierre Antoine Bourbion tous deux domicilié au dit"
                    HPOS="404"
                    VPOS="614"
                    WIDTH="1313"
                    HEIGHT="108"></String>
          </TextLine>

          
          
          <TextLine ID="eSc_line_8d88365b"
                    TAGREFS="LT777"
                    BASELINE="406 711 1183 731 1495 759 1677 764" 
                    HPOS="404"
                    VPOS="665"
                    WIDTH="1273"
                    HEIGHT="110">
            <Shape><Polygon POINTS="1372 689 1350 687 1346 685 1319 700 1306 687 1304 687 1302 687 1225 682 1223 682 1220 682 1179 696 1166 700 1148 696 1106 680 1104 680 1102 680 1038 687 1029 676 1027 676 1027 674 1025 674 1023 674 1021 674 968 682 895 671 889 671 873 669 860 682 799 669 779 669 755 678 748 680 744 678 731 667 718 667 696 676 678 682 660 674 643 667 625 667 619 667 614 671 603 680 586 671 575 665 559 665 538 665 531 665 520 669 513 671 511 669 507 665 494 665 474 665 472 667 463 671 406 665 406 711 404 722 656 729 663 733 678 744 680 744 682 744 685 744 722 737 751 731 841 742 869 744 871 744 913 744 1095 742 1159 755 1177 757 1179 757 1181 757 1183 757 1183 755 1198 746 1273 757 1275 757 1278 757 1280 757 1291 748 1343 761 1368 768 1370 768 1372 768 1374 768 1387 764 1403 759 1673 775 1677 764 1677 718 1486 713 1466 709 1376 689 1372 689"/></Shape>
	    <String CONTENT="cauton des Pamplemousses témoins à ce requis et lecture faite"
                    HPOS="404"
                    VPOS="665"
                    WIDTH="1273"
                    HEIGHT="110"></String>
          </TextLine>

          
          
          <TextLine ID="eSc_line_b945ec0f"
                    TAGREFS="LT777"
                    BASELINE="386 757 1172 788 1679 830" 
                    HPOS="384"
                    VPOS="711"
                    WIDTH="1295"
                    HEIGHT="134">
            <Shape><Polygon POINTS="1550 761 1528 761 1506 761 1491 764 1451 768 1442 761 1431 753 1418 753 1416 750 1409 759 1403 766 1376 757 1339 746 1330 746 1319 744 1304 753 1293 742 1286 742 1282 739 1043 729 1025 729 1003 726 1001 726 937 739 920 742 906 737 871 724 869 724 867 724 786 733 768 733 746 731 680 720 678 720 676 720 674 720 665 726 658 718 652 718 641 718 625 724 621 726 498 722 496 720 489 713 474 713 452 713 430 713 408 713 406 711 386 713 386 757 384 770 830 803 832 803 834 803 847 799 865 792 1251 805 1317 825 1335 830 1337 830 1339 830 1341 830 1348 827 1374 816 1420 832 1429 834 1431 834 1433 834 1436 834 1440 832 1455 825 1675 845 1679 830 1677 772 1600 777 1570 766 1556 761 1550 761"/></Shape>
	    <String CONTENT="dudit testament un mot après l&#39;autre et à lui lû e relû il a déclaré"
                    HPOS="384"
                    VPOS="711"
                    WIDTH="1295"
                    HEIGHT="134"></String>
          </TextLine>

          
          
          <TextLine ID="eSc_line_acfdba1c"
                    TAGREFS="LT777"
                    BASELINE="399 816 1201 849 1688 887" 
                    HPOS="397"
                    VPOS="761"
                    WIDTH="1291"
                    HEIGHT="143">
            <Shape><Polygon POINTS="1387 808 1383 805 1348 819 1346 819 1343 819 1304 799 1300 799 1229 808 1214 794 1212 794 1209 794 1086 788 711 788 625 768 621 768 599 766 592 766 533 777 478 761 476 761 474 761 399 770 399 816 397 823 472 845 474 845 476 847 746 847 856 847 1021 854 1047 865 1078 876 1080 876 1082 876 1119 869 1166 862 1684 904 1688 887 1688 836 1493 827 1488 825 1403 808 1387 808"/></Shape>
	    <String CONTENT="bien comprendre le tout et quil contenait ses dernières volonés, n&#39;avoir"
                    HPOS="397"
                    VPOS="761"
                    WIDTH="1291"
                    HEIGHT="143"></String>
          </TextLine>

          
          
          <TextLine ID="eSc_line_c0a65953"
                    TAGREFS="LT777"
                    BASELINE="397 876 985 893" 
                    HPOS="395"
                    VPOS="823"
                    WIDTH="590"
                    HEIGHT="94">
            <Shape><Polygon POINTS="880 838 860 836 854 836 836 836 816 834 812 834 810 834 808 834 790 841 770 849 761 841 761 838 759 838 759 836 757 836 755 836 682 830 680 830 678 830 656 838 643 845 619 838 590 832 588 832 586 832 584 832 581 832 581 834 575 838 570 843 483 843 480 838 465 825 465 823 463 823 461 823 458 823 397 836 397 876 395 882 518 902 520 902 522 902 557 893 614 913 617 913 619 913 621 913 652 898 667 911 667 913 669 913 671 913 764 917 766 917 768 917 810 902 860 917 863 917 865 917 867 917 869 917 891 902 983 900 985 893 985 843 898 838 880 838"/></Shape>
	    <String CONTENT="rien à y changer et y persister."
                    HPOS="395"
                    VPOS="823"
                    WIDTH="590"
                    HEIGHT="94"></String>
          </TextLine>

          
          
          <TextLine ID="eSc_line_c8b1385e"
                    TAGREFS="LT777"
                    BASELINE="436 939 1141 955 1684 992" 
                    HPOS="434"
                    VPOS="878"
                    WIDTH="1250"
                    HEIGHT="127">
            <Shape><Polygon POINTS="876 891 867 891 819 906 753 893 751 893 685 902 682 902 674 891 671 891 671 889 669 889 667 889 665 889 663 889 660 889 645 900 531 898 531 895 518 880 505 880 483 880 480 878 436 891 436 939 434 946 566 963 568 963 775 963 898 963 950 972 1012 981 1014 981 1133 981 1289 979 1341 979 1352 990 1354 992 1354 994 1357 994 1359 994 1361 994 1363 994 1365 994 1368 992 1381 983 1682 1005 1684 992 1684 942 1576 939 1572 937 1539 915 1537 915 1534 915 1532 915 1530 915 1497 931 1458 913 1455 913 1453 913 1451 913 1411 928 1335 911 1332 911 1256 915 1234 902 1231 902 1229 902 1071 895 994 893 992 893 990 893 942 911 887 891 876 891"/></Shape>
	    <String CONTENT="fait et passé en Brevret à la réquisition dudit Pierre hector testateur"
                    HPOS="434"
                    VPOS="878"
                    WIDTH="1250"
                    HEIGHT="127"></String>
          </TextLine>

          
          
          <TextLine ID="eSc_line_8ff09ebc"
                    TAGREFS="LT777"
                    BASELINE="390 988 1188 1016 1684 1047" 
                    HPOS="388"
                    VPOS="942"
                    WIDTH="1296"
                    HEIGHT="129">
            <Shape><Polygon POINTS="467 942 465 942 463 942 463 944 450 955 390 955 390 988 388 1003 417 1021 419 1021 421 1021 423 1021 579 1010 590 1010 592 1010 610 1023 612 1023 614 1023 617 1023 619 1023 621 1023 636 1012 639 1012 647 1014 726 1032 729 1032 731 1032 757 1021 766 1016 777 1021 816 1036 819 1036 821 1036 895 1029 915 1043 917 1043 920 1043 922 1043 924 1043 955 1032 970 1025 1018 1034 1051 1040 1054 1040 1104 1040 1214 1036 1225 1047 1229 1049 1229 1051 1231 1051 1234 1051 1236 1051 1269 1049 1313 1045 1330 1051 1348 1060 1350 1060 1513 1067 1515 1067 1517 1067 1519 1067 1521 1062 1532 1056 1679 1071 1684 1047 1684 1007 1635 996 1633 996 1631 996 1629 996 1594 1005 1592 1005 1578 992 1576 992 1574 992 1572 992 1526 999 1488 981 1486 981 1484 981 1409 996 1407 996 1335 974 1332 974 1330 974 1328 974 1326 974 1300 992 1297 992 1234 992 1231 990 1181 968 1179 968 1115 968 1113 968 1111 968 1080 983 1078 983 1027 963 1025 963 1023 963 1021 963 979 979 950 959 948 959 946 959 944 959 895 968 878 955 876 955 873 955 724 948 652 946 650 946 647 946 645 946 645 948 625 963 623 963 469 942 467 942"/></Shape>
	    <String CONTENT="en sa maison susdites le jeudi six mars avant midi l&#39;an mil sept cent"
                    HPOS="388"
                    VPOS="942"
                    WIDTH="1296"
                    HEIGHT="129"></String>
          </TextLine>

          
          
          <TextLine ID="eSc_line_d8a0ee17"
                    TAGREFS="LT777"
                    BASELINE="388 1045 1117 1071 1631 1111" 
                    HPOS="386"
                    VPOS="1005"
                    WIDTH="1245"
                    HEIGHT="119">
            <Shape><Polygon POINTS="388 1045 386 1062 467 1054 478 1069 480 1069 480 1071 483 1071 485 1071 612 1075 614 1075 617 1075 619 1075 634 1064 693 1080 702 1082 704 1082 707 1082 709 1082 711 1082 711 1080 726 1067 803 1080 805 1080 808 1080 832 1071 970 1091 972 1091 975 1091 977 1091 990 1080 1054 1080 1139 1084 1159 1102 1159 1104 1161 1104 1163 1104 1166 1104 1168 1104 1172 1104 1212 1091 1229 1106 1231 1108 1234 1108 1236 1108 1238 1108 1251 1106 1308 1095 1354 1111 1363 1115 1365 1115 1368 1115 1370 1115 1379 1113 1407 1104 1629 1124 1631 1111 1631 1067 1346 1054 1346 1051 1326 1036 1326 1034 1324 1034 1321 1034 1319 1034 1317 1034 1278 1047 1267 1034 1264 1034 1264 1032 1262 1032 1260 1032 1190 1025 1188 1025 1122 1038 1100 1021 1097 1021 1095 1021 1058 1021 1056 1021 1054 1021 1023 1036 1021 1036 1018 1036 948 1014 946 1014 944 1014 942 1014 939 1014 939 1016 926 1027 906 1014 904 1014 902 1014 900 1014 838 1021 794 1005 792 1005 388 1005 388 1045"/></Shape>
	    <String CONTENT="quatre vingt quatorze le troisième de la République française et a"
                    HPOS="386"
                    VPOS="1005"
                    WIDTH="1245"
                    HEIGHT="119"></String>
          </TextLine>

          
          
          <TextLine ID="eSc_line_d90a0353"
                    TAGREFS="LT777"
                    BASELINE="384 1102 1078 1130 1671 1170" 
                    HPOS="382"
                    VPOS="1047"
                    WIDTH="1289"
                    HEIGHT="143">
            <Shape><Polygon POINTS="1416 1095 1379 1113 1359 1097 1357 1097 1354 1097 1352 1097 1350 1097 1326 1108 1275 1095 1273 1095 1271 1095 1269 1095 1267 1095 1256 1106 1253 1106 1130 1102 1130 1100 1117 1082 1115 1082 1115 1080 1113 1080 1111 1080 1108 1080 1106 1080 1067 1093 1032 1075 1029 1075 955 1071 953 1071 950 1071 920 1086 913 1078 911 1078 911 1075 909 1075 906 1075 827 1064 825 1064 753 1080 735 1064 733 1064 731 1064 729 1064 533 1064 463 1049 452 1049 432 1047 384 1060 384 1102 382 1108 461 1113 480 1130 483 1130 485 1130 487 1130 559 1119 562 1119 566 1119 650 1135 652 1135 735 1130 779 1146 781 1146 865 1150 867 1150 869 1150 898 1137 948 1155 950 1155 1051 1159 1054 1159 1056 1159 1058 1159 1076 1146 1082 1146 1205 1168 1207 1168 1282 1157 1286 1157 1291 1157 1328 1170 1330 1170 1332 1170 1335 1170 1357 1161 1374 1176 1376 1176 1379 1176 1381 1176 1440 1165 1442 1165 1449 1165 1625 1190 1627 1190 1629 1190 1668 1176 1671 1170 1671 1128 1548 1124 1543 1122 1499 1102 1497 1102 1495 1102 1493 1102 1453 1115 1425 1095 1416 1095"/></Shape>
	    <String CONTENT="ledit testateur déclaré ne savoir signer de ce enquis suivant l&#39;ordonnance"
                    HPOS="382"
                    VPOS="1047"
                    WIDTH="1289"
                    HEIGHT="143"></String>
          </TextLine>

          
          
          <TextLine ID="eSc_line_faec82f6"
                    TAGREFS="LT777"
                    BASELINE="384 1152 1231 1194 1563 1225 1662 1225" 
                    HPOS="382"
                    VPOS="1104"
                    WIDTH="1280"
                    HEIGHT="130">
            <Shape><Polygon POINTS="408 1104 406 1104 384 1113 384 1152 382 1163 417 1176 419 1176 421 1176 491 1170 502 1170 505 1170 524 1183 527 1183 529 1183 531 1183 533 1183 559 1174 566 1172 568 1174 579 1185 581 1185 584 1185 586 1185 634 1179 647 1176 656 1179 689 1192 691 1192 693 1192 871 1192 922 1192 953 1196 1056 1212 1058 1212 1144 1207 1174 1205 1407 1218 1409 1220 1418 1229 1418 1231 1420 1231 1422 1231 1657 1234 1662 1225 1662 1181 1269 1165 1264 1161 1262 1155 1260 1155 1260 1152 1258 1152 1256 1152 1253 1152 1251 1152 1231 1159 1220 1161 1168 1155 1003 1137 1001 1137 999 1137 981 1146 977 1148 970 1146 928 1133 926 1133 924 1133 792 1137 777 1137 772 1137 731 1122 729 1122 505 1122 410 1104 408 1104"/></Shape>
	    <String CONTENT="lesdits témoins ont Signé avec Bombard notaire Sur la minute restée"
                    HPOS="382"
                    VPOS="1104"
                    WIDTH="1280"
                    HEIGHT="130"></String>
          </TextLine>

          
          
          <TextLine ID="eSc_line_ab72534b"
                    TAGREFS="LT777"
                    BASELINE="384 1201 1622 1269" 
                    HPOS="382"
                    VPOS="1155"
                    WIDTH="1240"
                    HEIGHT="127">
            <Shape><Polygon POINTS="1570 1227 1548 1225 1526 1223 1504 1220 1482 1218 1460 1216 1444 1214 1354 1207 1350 1207 1328 1205 1319 1203 1196 1194 1192 1192 1170 1192 1152 1192 1135 1190 1106 1194 1067 1201 1018 1190 992 1183 977 1183 975 1181 972 1185 959 1194 906 1194 849 1179 838 1174 823 1174 810 1174 783 1185 663 1168 660 1168 467 1168 458 1157 452 1157 436 1157 426 1165 399 1155 386 1155 384 1201 382 1218 1618 1282 1622 1269 1622 1229 1594 1227 1592 1227"/></Shape>
	    <String CONTENT="en sa possession laquelle a été controlée au port Louis Jsle de France"
                    HPOS="382"
                    VPOS="1155"
                    WIDTH="1240"
                    HEIGHT="127"></String>
          </TextLine>

          
          
          <TextLine ID="eSc_line_d39566c4"
                    TAGREFS="LT777"
                    BASELINE="382 1253 772 1273 1620 1335" 
                    HPOS="377"
                    VPOS="1205"
                    WIDTH="1243"
                    HEIGHT="154">
            <Shape><Polygon POINTS="726 1220 671 1234 669 1234 663 1225 660 1225 660 1223 658 1223 656 1223 654 1223 551 1225 535 1212 533 1212 531 1212 529 1212 463 1218 443 1205 441 1205 439 1205 436 1205 382 1214 382 1253 377 1282 434 1293 436 1293 439 1293 441 1293 441 1291 447 1286 463 1271 548 1271 559 1282 559 1284 562 1284 564 1284 566 1284 614 1280 652 1297 687 1313 689 1313 691 1313 693 1313 696 1313 713 1299 722 1295 942 1297 959 1313 972 1326 975 1326 977 1326 1040 1337 1043 1337 1045 1337 1106 1321 1137 1313 1148 1324 1177 1346 1179 1346 1181 1346 1297 1354 1300 1354 1302 1354 1343 1332 1350 1330 1401 1332 1405 1337 1438 1359 1440 1359 1442 1359 1444 1359 1447 1359 1449 1359 1475 1339 1477 1337 1482 1339 1504 1350 1506 1350 1508 1350 1618 1346 1620 1335 1620 1293 1385 1284 1376 1277 1361 1264 1359 1264 1357 1264 1354 1264 1300 1271 1275 1275 1271 1271 1260 1260 1260 1258 1258 1258 1256 1258 1253 1258 1185 1264 1183 1264 1179 1264 1080 1245 1078 1245 1025 1256 1018 1256 1014 1253 988 1242 985 1242 983 1242 871 1242 729 1220 726 1220"/></Shape>
	    <String CONTENT="le sept mars mil sept cen quatre vingt quatorze par services qui a"
                    HPOS="377"
                    VPOS="1205"
                    WIDTH="1243"
                    HEIGHT="154"></String>
          </TextLine>

          
          
          <TextLine ID="eSc_line_f02dd611"
                    TAGREFS="LT777"
                    BASELINE="379 1306 1016 1339" 
                    HPOS="377"
                    VPOS="1264"
                    WIDTH="639"
                    HEIGHT="86">
            <Shape><Polygon POINTS="379 1306 377 1317 463 1337 465 1337 520 1326 538 1321 546 1326 555 1332 557 1332 559 1332 562 1332 599 1328 610 1328 612 1330 628 1343 628 1346 630 1346 632 1346 634 1346 636 1346 663 1335 671 1346 674 1346 674 1348 676 1348 678 1348 680 1350 729 1350 729 1348 731 1348 733 1348 746 1337 751 1335 1012 1348 1016 1339 1014 1304 379 1264 379 1306"/></Shape>
	    <String CONTENT="marqué avoir reçu quarante Sols"
                    HPOS="377"
                    VPOS="1264"
                    WIDTH="639"
                    HEIGHT="86"></String>
          </TextLine>

          
          
          <TextLine ID="eSc_line_460aec35"
                    TAGREFS="LT777"
                    BASELINE="401 1378 628 1383 1273 1431 1497 1438" 
                    HPOS="399"
                    VPOS="1313"
                    WIDTH="1098"
                    HEIGHT="156">
            <Shape><Polygon POINTS="601 1319 579 1317 557 1317 535 1315 513 1315 498 1313 476 1330 401 1328 401 1378 399 1396 546 1392 724 1416 920 1442 922 1442 924 1442 964 1427 983 1420 1084 1425 1102 1433 1141 1455 1144 1455 1207 1460 1209 1460 1212 1460 1245 1444 1289 1466 1291 1466 1293 1466 1295 1466 1343 1447 1350 1444 1359 1447 1425 1469 1427 1469 1429 1469 1495 1453 1497 1438 1497 1398 1403 1392 1300 1357 1297 1357 1295 1357 1293 1357 1236 1372 1216 1354 1216 1352 1214 1352 1212 1352 1095 1343 1043 1341 1040 1341 1038 1341 996 1365 994 1365 950 1346 948 1346 946 1346 891 1354 863 1335 860 1335 858 1335 856 1335 854 1335 816 1352 722 1330 720 1330 718 1330 715 1330 698 1346 696 1346 660 1346 658 1343 617 1319 601 1319"/></Shape>
	    <String CONTENT="Suit tatemen d&#39;un codicile ajouté au testament cy dessus"
                    HPOS="399"
                    VPOS="1313"
                    WIDTH="1098"
                    HEIGHT="156"></String>
          </TextLine>

          
          
          <TextLine ID="eSc_line_ec3301d3"
                    TAGREFS="LT777"
                    BASELINE="382 1453 595 1458 1625 1534" 
                    HPOS="379"
                    VPOS="1383"
                    WIDTH="1248"
                    HEIGHT="167">
            <Shape><Polygon POINTS="382 1453 379 1464 496 1464 628 1484 632 1484 634 1484 639 1484 737 1482 757 1493 768 1501 770 1501 772 1501 775 1501 777 1501 799 1495 823 1488 849 1499 871 1508 873 1508 876 1508 878 1508 898 1501 924 1495 992 1499 1001 1510 1012 1517 1012 1519 1014 1519 1016 1519 1018 1519 1021 1519 1047 1512 1062 1508 1069 1515 1078 1521 1078 1523 1080 1523 1082 1523 1135 1528 1137 1528 1269 1528 1304 1528 1313 1530 1346 1543 1348 1543 1350 1543 1352 1543 1385 1534 1407 1530 1420 1537 1440 1548 1442 1548 1444 1548 1447 1548 1462 1541 1471 1537 1620 1550 1625 1534 1627 1495 1565 1460 1563 1460 1482 1455 1480 1455 1477 1455 1475 1455 1440 1479 1438 1479 1401 1466 1398 1466 1396 1466 1337 1471 1326 1471 1321 1469 1258 1438 1256 1438 1253 1438 1157 1455 1144 1458 1141 1453 1133 1442 1130 1442 1130 1440 1128 1440 1126 1440 1124 1440 1078 1449 1076 1449 1069 1449 990 1429 988 1429 985 1429 966 1440 955 1444 935 1438 893 1422 891 1422 889 1422 887 1422 856 1431 834 1436 810 1427 792 1420 790 1420 788 1420 755 1422 711 1425 685 1416 654 1405 652 1405 650 1405 647 1405 645 1405 634 1411 623 1420 608 1409 590 1396 588 1396 586 1396 584 1396 540 1405 533 1405 531 1403 505 1383 502 1383 500 1383 498 1383 384 1389 382 1453"/></Shape>
	    <String CONTENT="Par devant le Notaire public au Canton des Pamplemousses Jsle de"
                    HPOS="379"
                    VPOS="1383"
                    WIDTH="1248"
                    HEIGHT="167"></String>
          </TextLine>

          
          
          <TextLine ID="eSc_line_76b6d073"
                    TAGREFS="LT777"
                    BASELINE="366 1504 917 1539 1306 1581 1629 1591" 
                    HPOS="364"
                    VPOS="1455"
                    WIDTH="1265"
                    HEIGHT="156">
            <Shape><Polygon POINTS="463 1455 461 1455 368 1458 366 1504 364 1530 441 1519 494 1539 496 1539 498 1539 500 1539 502 1539 505 1539 527 1523 841 1543 882 1561 887 1561 889 1561 891 1561 900 1561 966 1554 1012 1567 1058 1581 1060 1581 1062 1581 1157 1576 1161 1576 1519 1611 1521 1611 1627 1600 1629 1591 1629 1563 1593 1545 1526 1554 1409 1521 1407 1521 1405 1521 1324 1537 1310 1539 1126 1528 1117 1519 1108 1512 1106 1512 1104 1512 1102 1512 1100 1512 1080 1517 1062 1521 1049 1515 1010 1495 1007 1495 1005 1495 1003 1495 972 1508 966 1510 959 1508 906 1486 904 1486 902 1486 794 1493 768 1495 748 1490 680 1471 678 1471 676 1471 674 1471 647 1482 630 1488 603 1477 559 1462 557 1462 513 1460 511 1460 509 1460 507 1460 494 1469 487 1473 480 1469 467 1458 467 1455 465 1455"/></Shape>
	    <String CONTENT="France y demeurant assisté des témoins cy après nommés et soussignés"
                    HPOS="364"
                    VPOS="1455"
                    WIDTH="1265"
                    HEIGHT="156"></String>
          </TextLine>

          
          
          <TextLine ID="eSc_line_0ce77354"
                    TAGREFS="LT777"
                    BASELINE="357 1559 823 1587 1365 1633 1638 1640" 
                    HPOS="357"
                    VPOS="1508"
                    WIDTH="1281"
                    HEIGHT="158">
            <Shape><Polygon POINTS="1587 1591 1581 1591 1567 1602 1513 1587 1499 1587 1477 1587 1455 1587 1317 1587 1310 1587 1308 1585 1297 1578 1280 1578 1258 1576 1253 1574 1242 1581 1240 1581 1049 1570 1043 1567 964 1543 953 1543 942 1541 926 1550 724 1528 711 1528 689 1526 676 1523 650 1532 612 1519 601 1519 588 1519 546 1532 542 1532 535 1530 463 1510 447 1510 426 1508 421 1508 360 1517 357 1559 357 1583 415 1570 557 1578 573 1594 573 1596 575 1596 577 1596 579 1596 586 1596 654 1587 667 1600 669 1602 669 1605 671 1605 674 1605 676 1605 678 1605 680 1605 682 1602 702 1589 825 1598 847 1611 863 1618 865 1618 867 1618 869 1618 889 1613 920 1605 959 1618 990 1627 992 1627 994 1627 1086 1624 1152 1622 1174 1629 1216 1642 1218 1642 1220 1642 1264 1633 1271 1633 1300 1635 1570 1666 1572 1666 1574 1666 1576 1666 1594 1653 1598 1651 1633 1653 1638 1640 1638 1607 1605 1591 1587 1591"/></Shape>
	    <String CONTENT="fut présent pierre hector Citoyen de Couleur Charpentier et habitant"
                    HPOS="357"
                    VPOS="1508"
                    WIDTH="1281"
                    HEIGHT="158"></String>
          </TextLine>

          
          
          <TextLine ID="eSc_line_93c96043"
                    TAGREFS="LT777"
                    BASELINE="366 1607 1234 1684 1598 1703" 
                    HPOS="364"
                    VPOS="1561"
                    WIDTH="1236"
                    HEIGHT="164">
            <Shape><Polygon POINTS="1308 1629 1306 1629 1304 1629 1264 1644 1258 1646 1249 1642 1225 1633 1223 1633 1220 1633 1130 1633 1100 1633 1093 1631 1069 1618 1067 1618 1065 1618 1007 1624 996 1624 992 1622 942 1600 939 1600 937 1600 935 1600 933 1600 913 1616 911 1618 865 1616 860 1613 812 1587 808 1587 805 1587 759 1605 735 1583 720 1583 715 1581 678 1589 643 1576 632 1576 610 1576 603 1574 559 1587 465 1565 456 1565 434 1565 412 1563 390 1561 366 1570 366 1607 364 1620 641 1638 650 1644 667 1660 669 1660 671 1660 674 1660 816 1660 882 1660 898 1666 933 1682 935 1682 937 1682 1012 1675 1029 1675 1056 1679 1170 1701 1172 1701 1218 1692 1223 1692 1231 1695 1302 1712 1304 1712 1306 1712 1403 1708 1429 1708 1438 1712 1473 1725 1475 1725 1477 1725 1515 1717 1532 1714 1594 1723 1598 1703 1600 1671 1563 1651 1561 1651 1559 1651 1447 1657 1418 1660 1409 1655 1387 1640 1385 1640 1383 1640 1381 1640 1379 1640 1361 1649 1310 1629 1308 1629"/></Shape>
	    <String CONTENT="audit Canton des Pamplemousses domicilié sur son Etablissement"
                    HPOS="364"
                    VPOS="1561"
                    WIDTH="1236"
                    HEIGHT="164"></String>
          </TextLine>

          
          
          <TextLine ID="eSc_line_b95b1e1d"
                    TAGREFS="LT777"
                    BASELINE="362 1664 891 1703 1262 1747 1622 1758" 
                    HPOS="360"
                    VPOS="1627"
                    WIDTH="1262"
                    HEIGHT="145">
            <Shape><Polygon POINTS="1495 1699 1493 1699 1433 1712 1390 1697 1387 1697 1385 1697 1249 1699 1218 1684 1218 1684 1196 1682 1192 1679 1168 1692 1148 1677 1146 1677 1144 1677 1141 1677 1139 1677 1106 1688 1062 1671 1060 1668 1043 1668 1021 1666 999 1664 994 1666 979 1679 871 1657 865 1657 863 1657 860 1657 836 1668 770 1653 623 1651 606 1642 577 1627 575 1627 362 1627 362 1664 360 1673 601 1703 603 1703 606 1703 608 1703 617 1695 652 1714 654 1714 656 1714 658 1714 713 1701 715 1701 814 1708 856 1730 858 1730 860 1730 863 1730 891 1717 922 1730 924 1730 926 1730 928 1730 950 1723 959 1734 961 1734 961 1736 964 1736 966 1736 968 1736 1111 1736 1119 1747 1122 1747 1122 1750 1124 1750 1126 1750 1383 1769 1385 1772 1620 1772 1622 1758 1618 1706 1570 1719 1497 1699 1495 1699"/></Shape>
	    <String CONTENT="Situé Sur la plaine que avoisine l&#39;Eglise S^t François où le Notaire"
                    HPOS="360"
                    VPOS="1627"
                    WIDTH="1262"
                    HEIGHT="145"></String>
          </TextLine>

          
          
          <TextLine ID="eSc_line_603502bb"
                    TAGREFS="LT777"
                    BASELINE="355 1714 882 1754 1306 1800 1625 1815" 
                    HPOS="353"
                    VPOS="1662"
                    WIDTH="1272"
                    HEIGHT="164">
            <Shape><Polygon POINTS="1523 1756 1521 1756 1519 1756 1517 1756 1515 1756 1497 1767 1493 1769 1471 1765 1416 1754 1407 1754 1385 1752 1363 1752 1341 1752 1319 1750 1297 1750 1275 1750 1253 1747 1201 1747 1194 1741 1190 1741 1168 1736 1148 1734 1141 1736 1122 1732 1119 1730 1102 1730 1080 1728 1058 1725 1047 1723 1047 1725 1040 1730 1032 1723 1027 1719 1014 1719 992 1717 970 1714 948 1712 926 1710 911 1706 898 1706 895 1706 869 1708 823 1714 691 1703 685 1692 682 1692 682 1690 680 1690 678 1690 676 1690 674 1690 671 1690 660 1701 636 1686 632 1684 621 1684 608 1684 524 1690 507 1675 489 1675 467 1673 445 1671 423 1671 401 1668 379 1666 377 1662 357 1662 355 1714 353 1725 375 1736 377 1736 379 1736 496 1736 498 1736 500 1736 531 1756 533 1756 535 1756 538 1756 540 1756 586 1743 590 1743 724 1752 726 1754 779 1776 781 1776 783 1776 786 1776 788 1776 808 1761 810 1761 823 1763 968 1785 970 1785 972 1785 994 1778 1049 1798 1051 1798 1622 1826 1625 1815 1625 1780 1552 1776 1548 1772 1526 1756 1523 1756"/></Shape>
	    <String CONTENT="et témoins se sont transportés à sa réquisition lequel étant dans"
                    HPOS="353"
                    VPOS="1662"
                    WIDTH="1272"
                    HEIGHT="164"></String>
          </TextLine>

          
          
          <TextLine ID="eSc_line_6860e67c"
                    TAGREFS="LT777"
                    BASELINE="353 1769 898 1811 1236 1851 1595 1874" 
                    HPOS="349"
                    VPOS="1719"
                    WIDTH="1245"
                    HEIGHT="176">
            <Shape><Polygon POINTS="1534 1824 1513 1829 1491 1831 1469 1833 1444 1837 1422 1840 1401 1844 1379 1846 1357 1848 1343 1813 1326 1813 1278 1813 1262 1809 1159 1783 1141 1783 1133 1780 1047 1791 1043 1791 1040 1791 1014 1769 1012 1769 1010 1769 1007 1769 1005 1769 1003 1769 983 1787 977 1785 880 1761 878 1761 876 1761 873 1761 871 1761 858 1772 810 1758 808 1758 805 1758 764 1767 722 1745 720 1745 641 1739 639 1739 636 1739 592 1754 538 1752 518 1734 518 1732 516 1732 513 1732 401 1719 399 1719 397 1719 351 1734 351 1767 349 1780 735 1811 742 1818 753 1826 753 1829 755 1829 757 1829 759 1829 814 1824 843 1822 854 1829 869 1840 871 1840 873 1840 876 1840 909 1833 922 1831 931 1835 950 1846 953 1846 1196 1859 1350 1866 1376 1877 1401 1884 1403 1884 1405 1884 1440 1881 1508 1877 1589 1895 1594 1873 1594 1835 1543 1820 1541 1820 1534 1824"/></Shape>
	    <String CONTENT="son lit malade de corps, toutefois sain d&#39;esprit, mémoire et"
                    HPOS="349"
                    VPOS="1719"
                    WIDTH="1245"
                    HEIGHT="176"></String>
          </TextLine>

          
          
          <TextLine ID="eSc_line_acde833b"
                    TAGREFS="LT777"
                    BASELINE="355 1824 744 1853 1218 1903 1600 1923" 
                    HPOS="353"
                    VPOS="1772"
                    WIDTH="1247"
                    HEIGHT="175">
            <Shape><Polygon POINTS="1387 1859 1365 1857 1348 1859 1308 1864 1253 1853 1251 1851 1234 1851 1212 1848 1207 1848 1148 1851 1139 1844 1135 1840 1124 1840 1102 1835 1091 1833 1051 1831 942 1829 852 1829 836 1820 799 1804 797 1804 794 1804 737 1813 720 1815 715 1811 693 1796 687 1796 533 1796 410 1774 401 1774 386 1772 355 1783 355 1824 353 1833 404 1837 415 1853 417 1853 417 1855 419 1855 421 1855 663 1859 674 1875 676 1875 676 1877 678 1877 680 1877 682 1877 759 1868 761 1868 768 1868 869 1892 871 1892 873 1892 876 1892 898 1879 948 1899 950 1899 953 1899 1080 1897 1111 1912 1113 1912 1115 1912 1117 1912 1137 1903 1326 1930 1328 1930 1405 1923 1541 1947 1543 1947 1598 1936 1600 1923 1600 1879 1471 1879 1427 1866 1403 1859 1387 1859"/></Shape>
	    <String CONTENT="Entendement ainsi qu&#39;il est apparu aux dits notaire et témoins par"
                    HPOS="353"
                    VPOS="1772"
                    WIDTH="1247"
                    HEIGHT="175"></String>
          </TextLine>

          
          
          <TextLine ID="eSc_line_8f42b277"
                    TAGREFS="LT777"
                    BASELINE="346 1881 735 1908 1341 1976 1594 1980" 
                    HPOS="342"
                    VPOS="1829"
                    WIDTH="1252"
                    HEIGHT="188">
            <Shape><Polygon POINTS="1159 1899 1124 1910 1089 1890 1082 1890 992 1899 985 1899 981 1899 928 1877 926 1877 924 1877 810 1879 779 1864 777 1864 775 1864 772 1864 770 1864 755 1875 674 1853 671 1853 476 1835 474 1835 472 1835 428 1848 390 1829 388 1829 386 1829 384 1829 366 1833 346 1862 346 1881 342 1908 412 1914 415 1914 417 1914 419 1914 445 1897 456 1908 458 1908 461 1908 463 1908 516 1903 540 1925 540 1927 542 1927 544 1927 546 1927 555 1927 667 1916 902 1936 946 1963 953 1965 955 1965 957 1965 981 1965 1126 1960 1185 1982 1196 1987 1198 1987 1201 1987 1216 1987 1267 1980 1275 1991 1278 1991 1278 1993 1280 1993 1282 1993 1284 1993 1286 1993 1291 1993 1317 1985 1425 2004 1466 2011 1469 2011 1471 2011 1477 2009 1506 1996 1585 2017 1594 1980 1594 1954 1545 1934 1543 1934 1541 1934 1458 1941 1453 1941 1449 1941 1383 1923 1381 1923 1379 1923 1376 1923 1352 1932 1350 1932 1190 1919 1190 1916 1168 1899 1159 1899"/></Shape>
	    <String CONTENT="ses paroles Gestes et maintient lequel a dicté et nommé, au dit"
                    HPOS="342"
                    VPOS="1829"
                    WIDTH="1252"
                    HEIGHT="188"></String>
          </TextLine>

          
          
          <TextLine ID="eSc_line_df99cd8f"
                    TAGREFS="LT777"
                    BASELINE="342 1941 1093 2006 1185 2002" 
                    HPOS="340"
                    VPOS="1895"
                    WIDTH="845"
                    HEIGHT="129">
            <Shape><Polygon POINTS="1111 1952 1089 1949 1071 1947 942 1949 928 1949 904 1947 595 1903 592 1903 529 1914 496 1895 494 1895 491 1895 489 1895 344 1899 342 1941 340 1952 568 1985 570 1985 625 1976 643 1974 674 1980 770 2002 772 2002 873 1996 891 1996 893 1998 902 2011 904 2011 904 2013 906 2013 909 2013 953 2017 955 2017 957 2017 959 2017 977 2004 1025 2024 1027 2024 1029 2024 1183 2020 1185 2002 1183 1971 1126 1967 1126 1965 1113 1952 1111 1952"/></Shape>
	    <String CONTENT="Notaire par forme de Codicile ce qui suit."
                    HPOS="340"
                    VPOS="1895"
                    WIDTH="845"
                    HEIGHT="129"></String>
          </TextLine>

          
          
          <TextLine ID="eSc_line_e4287563"
                    TAGREFS="LT777"
                    BASELINE="382 2002 557 2011 841 2039 1014 2070 1585 2112" 
                    HPOS="379"
                    VPOS="1947"
                    WIDTH="1208"
                    HEIGHT="180">
            <Shape><Polygon POINTS="996 2000 992 1998 992 2000 928 2013 836 1987 832 1985 823 1985 812 1982 810 1985 772 1996 704 1974 696 1971 691 1971 669 1971 647 1969 628 1967 590 1965 588 1965 586 1965 584 1965 566 1976 557 1963 555 1963 555 1960 553 1960 551 1960 548 1960 542 1960 489 1967 483 1956 480 1956 480 1954 472 1954 461 1952 384 1947 382 2002 379 2022 599 2031 619 2042 639 2053 641 2053 643 2053 645 2053 647 2053 658 2046 669 2039 841 2050 895 2064 972 2081 1528 2127 1530 2127 1583 2118 1585 2112 1587 2053 1563 2048 1561 2048 1559 2048 1556 2048 1534 2066 1455 2048 1453 2048 1372 2048 1352 2033 1352 2031 1350 2031 1348 2031 1346 2031 1343 2031 1300 2046 1262 2033 1260 2033 1258 2033 1194 2037 1157 2015 1155 2015 1152 2015 1150 2015 1148 2015 1146 2015 1122 2031 1038 2026 1014 2002 1012 2000 996 2000"/></Shape>
	    <String CONTENT="Vuct et entendu que son testament reçu par Bonbard notaire soussigné"
                    HPOS="379"
                    VPOS="1947"
                    WIDTH="1208"
                    HEIGHT="180"></String>
          </TextLine>

          
          
          <TextLine ID="eSc_line_41fe571e"
                    TAGREFS="LT777"
                    BASELINE="344 2048 827 2097 1148 2140 1346 2158 1596 2165" 
                    HPOS="340"
                    VPOS="2004"
                    WIDTH="1256"
                    HEIGHT="196">
            <Shape><Polygon POINTS="1157 2081 1135 2081 1113 2079 1091 2077 1023 2077 1012 2077 1001 2075 871 2050 869 2050 867 2050 865 2050 854 2059 847 2050 845 2050 845 2048 843 2048 841 2048 761 2039 759 2039 656 2042 650 2042 647 2042 630 2026 628 2026 625 2026 623 2026 581 2035 579 2035 570 2035 397 2004 395 2004 346 2011 344 2048 340 2083 390 2090 393 2090 395 2090 397 2090 439 2075 491 2079 516 2099 522 2105 524 2105 527 2105 529 2105 548 2101 597 2092 704 2099 733 2116 748 2127 751 2127 753 2127 755 2127 757 2127 781 2121 814 2112 884 2116 909 2132 928 2145 931 2145 933 2145 996 2149 999 2149 1001 2149 1023 2140 1036 2136 1045 2143 1065 2158 1067 2158 1069 2158 1291 2162 1315 2162 1317 2165 1335 2182 1335 2184 1337 2184 1339 2184 1453 2195 1455 2195 1458 2195 1488 2180 1508 2198 1508 2200 1510 2200 1513 2200 1515 2200 1517 2200 1519 2200 1541 2184 1543 2182 1589 2187 1596 2165 1594 2134 1346 2097 1343 2097 1341 2097 1339 2097 1324 2108 1319 2105 1275 2092 1273 2092 1271 2092 1220 2097 1214 2097 1207 2097 1159 2081 1157 2081"/></Shape>
	    <String CONTENT="le six mars présent mois fait exécuté selon sa forme et teneur sauf"
                    HPOS="340"
                    VPOS="2004"
                    WIDTH="1256"
                    HEIGHT="196"></String>
          </TextLine>

          
          
          <TextLine ID="eSc_line_1b4485ba"
                    TAGREFS="LT777"
                    BASELINE="346 2103 766 2145" 
                    HPOS="342"
                    VPOS="2066"
                    WIDTH="426"
                    HEIGHT="96">
            <Shape><Polygon POINTS="346 2103 342 2127 401 2134 404 2134 406 2134 408 2134 421 2123 441 2136 447 2140 450 2140 452 2140 454 2140 456 2140 467 2136 498 2127 584 2134 592 2145 595 2149 597 2149 597 2151 599 2151 601 2151 603 2151 630 2147 650 2145 656 2149 669 2160 669 2162 671 2162 674 2162 676 2162 678 2162 680 2162 693 2151 698 2151 761 2156 766 2145 768 2112 726 2094 724 2094 722 2094 669 2101 658 2101 645 2099 592 2081 590 2081 588 2081 542 2086 529 2088 524 2086 516 2077 516 2075 513 2075 511 2075 509 2075 507 2075 491 2081 485 2083 472 2079 436 2066 434 2066 349 2066 346 2103"/></Shape>
	    <String CONTENT="le Changement cy après"
                    HPOS="342"
                    VPOS="2066"
                    WIDTH="426"
                    HEIGHT="96"></String>
          </TextLine>

          
          
          <TextLine ID="eSc_line_f9d00068"
                    TAGREFS="LT777"
                    BASELINE="377 2162 876 2211 1209 2261 1548 2279" 
                    HPOS="375"
                    VPOS="2114"
                    WIDTH="1175"
                    HEIGHT="189">
            <Shape><Polygon POINTS="731 2143 709 2140 691 2138 667 2145 634 2132 621 2132 606 2129 592 2138 581 2127 577 2127 562 2125 542 2134 531 2125 531 2123 529 2123 527 2123 524 2123 461 2127 445 2114 443 2114 441 2114 439 2114 379 2121 377 2162 375 2173 570 2193 573 2198 588 2209 588 2211 590 2211 592 2211 595 2211 597 2211 621 2202 630 2200 650 2204 718 2224 720 2224 722 2224 805 2222 852 2222 867 2228 895 2244 898 2244 900 2244 990 2244 994 2244 1027 2257 1029 2257 1543 2303 1548 2279 1550 2228 1289 2213 1253 2200 1201 2184 1198 2184 1196 2184 1108 2187 1043 2169 1040 2169 1038 2169 1036 2169 1010 2178 1007 2180 1005 2178 999 2169 996 2169 996 2167 994 2167 992 2167 909 2156 906 2156 838 2162 821 2165 801 2160 737 2143 731 2143"/></Shape>
	    <String CONTENT="Veut et entend le dit testateur qu&#39;en place du Noir esclave"
                    HPOS="375"
                    VPOS="2114"
                    WIDTH="1175"
                    HEIGHT="189"></String>
          </TextLine>

          
          
          <TextLine ID="eSc_line_e3435ed4"
                    TAGREFS="LT777"
                    BASELINE="342 2206 1185 2318 1534 2338" 
                    HPOS="340"
                    VPOS="2158"
                    WIDTH="1194"
                    HEIGHT="206">
            <Shape><Polygon POINTS="1328 2268 1326 2268 1313 2270 1269 2283 1247 2263 1240 2263 1218 2263 1209 2261 1194 2268 1179 2257 1174 2257 1155 2255 1135 2250 1124 2252 1058 2259 955 2248 931 2233 917 2224 915 2224 913 2224 911 2224 880 2228 869 2228 865 2226 847 2211 847 2209 845 2209 843 2209 841 2209 779 2217 759 2219 755 2215 746 2202 744 2202 744 2200 740 2200 737 2200 735 2200 702 2209 685 2193 674 2193 663 2191 634 2202 630 2204 621 2202 584 2182 566 2182 555 2180 535 2189 465 2184 434 2184 432 2182 401 2165 390 2165 388 2158 388 2158 386 2158 384 2158 382 2158 344 2169 342 2206 340 2215 595 2252 656 2277 658 2277 660 2277 812 2277 821 2277 823 2277 891 2305 893 2305 895 2307 1034 2307 1198 2342 1201 2342 1269 2334 1286 2347 1289 2347 1291 2347 1293 2347 1365 2345 1398 2345 1528 2364 1534 2338 1534 2294 1482 2301 1464 2285 1462 2285 1462 2283 1460 2283 1458 2283 1455 2283 1447 2285 1422 2290 1368 2277 1335 2268 1328 2268"/></Shape>
	    <String CONTENT="nommé Antoine de Caste indienne qu&#39;il a légué par son dit"
                    HPOS="340"
                    VPOS="2158"
                    WIDTH="1194"
                    HEIGHT="206"></String>
          </TextLine>

          
          
          <TextLine ID="eSc_line_cec3d513"
                    TAGREFS="LT777"
                    BASELINE="333 2252 1108 2364 1539 2395" 
                    HPOS="329"
                    VPOS="2211"
                    WIDTH="1210"
                    HEIGHT="211">
            <Shape><Polygon POINTS="1078 2305 1073 2303 1069 2307 1054 2316 990 2299 972 2294 970 2294 968 2294 966 2294 964 2294 964 2296 953 2303 944 2294 937 2290 937 2288 935 2288 933 2288 931 2288 928 2288 917 2290 900 2296 865 2285 830 2272 816 2270 794 2268 709 2268 660 2268 647 2259 621 2246 619 2246 496 2228 489 2228 485 2226 432 2219 426 2219 419 2217 375 2211 360 2211 333 2248 333 2252 329 2283 390 2274 577 2296 650 2323 680 2331 682 2331 786 2345 788 2345 814 2340 836 2336 869 2347 904 2358 906 2358 909 2358 933 2353 955 2349 961 2356 972 2367 972 2369 975 2369 977 2369 1045 2378 1047 2378 1049 2378 1071 2369 1078 2367 1089 2371 1128 2389 1130 2389 1133 2389 1212 2384 1234 2384 1247 2389 1306 2411 1308 2411 1363 2415 1365 2415 1368 2415 1370 2415 1385 2404 1390 2402 1394 2404 1425 2419 1427 2419 1429 2422 1534 2422 1539 2395 1539 2362 1372 2358 1357 2340 1352 2338 1352 2336 1350 2336 1348 2336 1346 2336 1326 2336 1262 2342 1159 2331 1146 2316 1144 2316 1144 2314 1141 2314 1139 2314 1137 2314 1135 2314 1130 2314 1108 2323 1097 2312 1089 2305 1078 2305"/></Shape>
	    <String CONTENT="testament au Mineur Cupidon, il leur fait donné le nommé"
                    HPOS="329"
                    VPOS="2211"
                    WIDTH="1210"
                    HEIGHT="211"></String>
          </TextLine>

          
          
          <TextLine ID="eSc_line_8a64c4ec"
                    TAGREFS="LT777"
                    BASELINE="335 2312 467 2320 665 2356 869 2375" 
                    HPOS="333"
                    VPOS="2261"
                    WIDTH="538"
                    HEIGHT="141">
            <Shape><Polygon POINTS="819 2325 803 2320 779 2329 663 2316 599 2290 579 2290 570 2288 551 2301 527 2281 516 2281 494 2277 472 2274 450 2270 428 2268 406 2263 401 2261 384 2261 382 2261 355 2268 335 2299 335 2312 333 2325 346 2336 349 2336 351 2336 450 2338 474 2338 485 2345 544 2369 546 2369 548 2369 551 2369 581 2360 592 2356 623 2364 685 2386 687 2386 781 2397 783 2397 786 2397 788 2397 794 2393 805 2386 863 2402 869 2375 871 2342 830 2325 819 2325"/></Shape>
	    <String CONTENT="Lafleur de Caste malgache"
                    HPOS="333"
                    VPOS="2261"
                    WIDTH="538"
                    HEIGHT="141"></String>
          </TextLine>

          
          
          <TextLine ID="eSc_line_383496af"
                    TAGREFS="LT777"
                    BASELINE="362 2362 476 2371 625 2404 891 2432 959 2452 1177 2485 1543 2505" 
                    HPOS="357"
                    VPOS="2327"
                    WIDTH="1188"
                    HEIGHT="202">
            <Shape><Polygon POINTS="362 2362 357 2397 401 2391 617 2411 676 2435 680 2435 682 2435 685 2435 689 2435 744 2428 761 2443 775 2454 775 2457 777 2457 779 2457 781 2457 783 2457 805 2448 825 2441 854 2454 860 2457 863 2457 865 2457 867 2457 871 2457 893 2450 979 2461 985 2468 1005 2487 1005 2490 1007 2490 1010 2490 1012 2490 1089 2481 1100 2496 1102 2496 1102 2498 1104 2498 1106 2498 1108 2498 1111 2498 1137 2487 1183 2507 1185 2507 1539 2529 1543 2505 1545 2472 1515 2443 1515 2441 1513 2441 1510 2441 1508 2441 1411 2457 1401 2457 1080 2426 1069 2415 1067 2413 1067 2411 1065 2411 1062 2411 1060 2411 1045 2411 988 2415 946 2400 900 2380 898 2380 895 2380 856 2386 825 2373 823 2373 821 2373 819 2373 799 2380 770 2391 746 2375 744 2375 742 2375 740 2375 737 2375 709 2386 643 2360 617 2351 614 2351 612 2351 590 2353 551 2362 527 2347 522 2342 520 2342 518 2342 364 2327 362 2362"/></Shape>
	    <String CONTENT="Ayant donné Connaissance au Cit. Boucher Curé, d&#39;une affaire"
                    HPOS="357"
                    VPOS="2327"
                    WIDTH="1188"
                    HEIGHT="202"></String>
          </TextLine>

          
          
          <TextLine ID="eSc_line_c0959f0b"
                    TAGREFS="LT777"
                    BASELINE="341 2410 1534 2583" 
                    HPOS="333"
                    VPOS="2373"
                    WIDTH="1204"
                    HEIGHT="253">
            <Shape><Polygon POINTS="1084 2470 1067 2468 1034 2470 1007 2472 992 2465 966 2452 955 2450 906 2454 884 2454 869 2448 827 2430 825 2430 823 2430 790 2437 783 2439 781 2437 768 2424 768 2422 766 2422 764 2422 702 2413 700 2413 698 2413 676 2422 671 2424 538 2406 527 2402 428 2373 426 2373 423 2373 421 2373 419 2373 404 2384 342 2378 340 2408 333 2450 371 2465 373 2465 375 2465 401 2461 432 2454 533 2468 564 2483 599 2498 601 2498 603 2498 641 2494 654 2492 660 2496 711 2531 713 2531 715 2531 718 2531 720 2531 722 2531 740 2516 788 2514 821 2512 832 2518 876 2553 878 2553 880 2553 882 2553 884 2553 909 2547 920 2560 922 2560 922 2562 924 2562 926 2562 1062 2582 1065 2582 1122 2571 1225 2606 1227 2606 1229 2606 1330 2602 1361 2626 1363 2626 1365 2626 1368 2626 1370 2626 1427 2599 1429 2599 1526 2613 1532 2582 1537 2540 1414 2516 1411 2516 1409 2516 1407 2516 1401 2520 1390 2527 1341 2523 1332 2512 1326 2505 1326 2503 1324 2503 1321 2503 1319 2503 1317 2503 1304 2507 1293 2512 1223 2496 1168 2485 1166 2485 1150 2487 1126 2490 1108 2481 1086 2470 1084 2470"/></Shape>
	    <String CONTENT="particuliere, il le prie de vouloir en être l&#39;agent, en conséquence il"
                    HPOS="333"
                    VPOS="2373"
                    WIDTH="1204"
                    HEIGHT="253"></String>
          </TextLine>

          
        </TextBlock>
        
        <TextBlock HPOS="221"
                   VPOS="2420"
                   WIDTH="70"
                   HEIGHT="111"
                   ID="eSc_textblock_e862bd26"
                   TAGREFS="BT1932">
          <Shape><Polygon POINTS="221 2420 221 2531 291 2531 291 2420"/></Shape>
          
          
          <TextLine ID="eSc_line_73c88c59"
                    TAGREFS="LT777"
                    BASELINE="238 2522 298 2519 298 2517" 
                    HPOS="232"
                    VPOS="2426"
                    WIDTH="64"
                    HEIGHT="143">
            <Shape><Polygon POINTS="237 2520 237 2560 294 2569 296 2516 276 2428 232 2426 237 2520"/></Shape>
	    <String CONTENT="1"
                    HPOS="232"
                    VPOS="2426"
                    WIDTH="64"
                    HEIGHT="143"></String>
          </TextLine>

          
        </TextBlock>
        

        
      </PrintSpace>
    </Page>
  </Layout>
</alto>
