<?xml version="1.0" encoding="UTF-8"?>
<alto xmlns:xsi="http://www.w3.org/2001/XMLSchema-instance"
      xmlns="http://www.loc.gov/standards/alto/ns-v4#"
      xsi:schemaLocation="http://www.loc.gov/standards/alto/ns-v4# http://www.loc.gov/standards/alto/v4/alto-4-2.xsd">
  <Description>
    <MeasurementUnit>pixel</MeasurementUnit>
    <sourceImageInformation>
      <fileName>JK11_1__recadre1.pdf_page_5.png</fileName>
      
    </sourceImageInformation>
  </Description>
  
  <Tags>
    <OtherTag ID="BT1929" LABEL="DigitizationArtefactZone:fingers" DESCRIPTION="block type DigitizationArtefactZone:fingers"/><OtherTag ID="BT1930" LABEL="MainZone" DESCRIPTION="block type MainZone"/><OtherTag ID="BT1931" LABEL="MarginTextZone" DESCRIPTION="block type MarginTextZone"/><OtherTag ID="BT1932" LABEL="NumberingZone:page" DESCRIPTION="block type NumberingZone:page"/><OtherTag ID="BT1933" LABEL="NumberingZone:folio" DESCRIPTION="block type NumberingZone:folio"/><OtherTag ID="BT1934" LABEL="NumberingZone:document" DESCRIPTION="block type NumberingZone:document"/><OtherTag ID="BT1935" LABEL="CustomZone:paraph" DESCRIPTION="block type CustomZone:paraph"/><OtherTag ID="BT1941" LABEL="CustomZone:closer" DESCRIPTION="block type CustomZone:closer"/><OtherTag ID="BT1942" LABEL="CustomZone:opener" DESCRIPTION="block type CustomZone:opener"/>
    <OtherTag ID="LT777" LABEL="DefaultLine" DESCRIPTION="line type DefaultLine"/><OtherTag ID="LT778" LABEL="HeadingLine" DESCRIPTION="line type HeadingLine"/><OtherTag ID="LT779" LABEL="InterlinearZone" DESCRIPTION="line type InterlinearZone"/>
  </Tags>
  
  <Layout>
    <Page WIDTH="2466"
          HEIGHT="1472"
          PHYSICAL_IMG_NR="4"
          ID="eSc_dummypage_">
      <PrintSpace HPOS="0"
                  VPOS="0"
                  WIDTH="2466"
                  HEIGHT="1472">
        
        <TextBlock HPOS="30"
                   VPOS="113"
                   WIDTH="493"
                   HEIGHT="323"
                   ID="eSc_textblock_82c1646e"
                   TAGREFS="BT1931">
          <Shape><Polygon POINTS="30 436 30 113 523 113 523 430"/></Shape>
          
          
          <TextLine ID="eSc_line_447bf53b"
                    TAGREFS="LT777"
                    BASELINE="41 202 528 199" 
                    HPOS="38"
                    VPOS="100"
                    WIDTH="490"
                    HEIGHT="113">
            <Shape><Polygon POINTS="433 148 429 147 418 150 392 144 391 144 390 144 388 144 361 155 77 100 105 135 123 149 38 110 40 169 41 202 41 213 527 208 528 199 526 168 468 165 449 149 445 149"/></Shape>
	    <String CONTENT="Testament de"
                    HPOS="38"
                    VPOS="100"
                    WIDTH="490"
                    HEIGHT="113"></String>
          </TextLine>

          
          
          <TextLine ID="eSc_line_50369302"
                    TAGREFS="LT777"
                    BASELINE="42 300 506 305" 
                    HPOS="40"
                    VPOS="237"
                    WIDTH="465"
                    HEIGHT="89">
            <Shape><Polygon POINTS="41 299 40 318 76 315 98 318 110 321 111 321 112 321 114 321 114 320 116 318 121 312 131 318 132 318 133 318 134 318 139 318 187 309 223 316 234 318 235 320 265 320 265 318 266 318 267 318 267 317 269 315 276 310 289 315 310 322 311 322 312 322 314 322 315 322 327 315 357 323 358 323 359 323 360 323 382 312 388 310 422 310 423 312 435 323 435 325 436 325 437 325 439 326 458 326 458 325 460 325 504 310 505 304 505 241 482 241 480 241 479 241 478 241 478 242 461 258 303 258 287 247 276 239 274 239 273 239 272 239 195 244 148 237 147 237 145 237 144 237 144 239 136 247 114 247 82 239 80 239 79 239 78 239 41 253 41 299"/></Shape>
	    <String CONTENT="JB^te Demay."
                    HPOS="40"
                    VPOS="237"
                    WIDTH="465"
                    HEIGHT="89"></String>
          </TextLine>

          
          
          <TextLine ID="eSc_line_7cf0e83d"
                    TAGREFS="LT777"
                    BASELINE="71 375 467 370" 
                    HPOS="69"
                    VPOS="315"
                    WIDTH="398"
                    HEIGHT="99">
            <Shape><Polygon POINTS="71 375 71 392 123 392 144 412 144 413 145 413 147 413 148 414 169 414 169 413 207 407 208 407 209 407 209 406 220 396 230 399 231 399 233 399 234 399 235 399 245 392 260 402 261 402 262 402 263 402 265 402 303 390 334 407 336 407 366 410 368 410 410 409 412 409 413 409 431 394 439 401 440 401 441 401 442 401 444 401 467 387 467 370 464 318 392 315 391 315 390 315 388 315 380 322 360 337 334 342 208 342 195 329 184 321 184 320 182 320 181 320 180 320 179 320 177 320 161 331 160 332 159 332 152 328 150 328 149 328 148 328 137 332 130 336 127 333 114 320 114 318 112 318 111 318 83 318 82 318 80 318 79 318 79 320 78 320 69 328 71 375"/></Shape>
	    <String CONTENT="3  &amp; 19 mars 1794"
                    HPOS="69"
                    VPOS="315"
                    WIDTH="398"
                    HEIGHT="99"></String>
          </TextLine>

          
        </TextBlock>
        
        <TextBlock HPOS="286"
                   VPOS="436"
                   WIDTH="163"
                   HEIGHT="165"
                   ID="eSc_textblock_2647dabd"
                   TAGREFS="BT1934">
          <Shape><Polygon POINTS="286 601 286 436 449 436 449 601"/></Shape>
          
          
          <TextLine ID="eSc_line_c4aef165"
                    TAGREFS="LT777"
                    BASELINE="287 575 445 571" 
                    HPOS="284"
                    VPOS="442"
                    WIDTH="160"
                    HEIGHT="172">
            <Shape><Polygon POINTS="285 614 333 614 333 613 334 613 336 613 358 596 382 576 442 574 444 570 440 527 401 528 399 528 407 442 338 443 284 556 285 574"/></Shape>
	    <String CONTENT="4"
                    HPOS="284"
                    VPOS="442"
                    WIDTH="160"
                    HEIGHT="172"></String>
          </TextLine>

          
        </TextBlock>
        
        <TextBlock HPOS="528"
                   VPOS="12"
                   WIDTH="1933"
                   HEIGHT="1257"
                   ID="eSc_textblock_f739f44a"
                   TAGREFS="BT1930">
          <Shape><Polygon POINTS="528 12 528 1269 2461 1269 2461 12"/></Shape>
          
          
          <TextLine ID="eSc_line_c81b1316"
                    TAGREFS="LT777"
                    BASELINE="607 199 721 203 1818 170 2418 159" 
                    HPOS="606"
                    VPOS="15"
                    WIDTH="1812"
                    HEIGHT="215">
            <Shape><Polygon POINTS="2383 126 2371 125 2365 123 2351 123 2332 116 2322 116 2310 114 2297 111 2296 110 2275 118 2237 105 2236 105 2197 105 2196 105 2194 105 2142 120 2097 110 2096 110 2026 127 1922 134 1851 115 1850 115 1848 115 1631 121 1630 121 1559 145 1556 147 1493 147 1475 147 1431 136 1430 136 1429 136 1428 136 1375 150 1372 150 1367 150 1300 143 1299 143 1231 153 1158 134 1156 134 1144 134 1143 134 1100 142 1062 136 1061 136 1060 136 1019 152 997 144 996 144 994 144 993 144 970 152 907 152 906 152 905 152 873 164 871 165 903 15 726 42 701 159 700 159 699 159 606 171 607 199 607 230 709 209 798 213 799 213 850 203 869 209 871 209 872 209 993 208 1056 198 1122 206 1123 206 1167 199 1219 210 1241 214 1242 214 1350 210 1352 210 1367 204 1375 202 1390 204 1404 206 1405 206 1407 206 1414 203 1456 187 1506 187 1537 198 1558 206 1559 206 1560 206 1651 203 1695 193 1704 191 1710 192 1736 201 1737 201 1738 201 1824 198 1825 198 1858 187 1895 175 2159 176 2246 176 2247 176 2266 172 2289 168 2416 168 2418 159 2407 130 2396 128"/></Shape>
	    <String CONTENT="Par devant le Notaire public à l&#39;Isle de France et les témoins"
                    HPOS="606"
                    VPOS="15"
                    WIDTH="1812"
                    HEIGHT="215"></String>
          </TextLine>

          
          
          <TextLine ID="eSc_line_f6d47e26"
                    TAGREFS="LT777"
                    BASELINE="567 302 2420 248" 
                    HPOS="564"
                    VPOS="190"
                    WIDTH="1855"
                    HEIGHT="132">
            <Shape><Polygon POINTS="566 301 568 322 688 320 689 320 695 318 743 300 786 305 787 305 788 305 820 296 869 296 927 309 944 312 945 312 947 312 966 307 1035 289 1158 287 1256 291 1257 291 1302 283 1333 294 1345 298 1347 298 1348 298 1349 298 1365 291 1369 291 1371 291 1402 299 1403 299 1404 299 1428 290 1434 288 1444 289 1489 296 1490 296 1491 296 1534 285 1580 274 1712 278 1713 278 1751 271 1769 277 1797 287 1798 287 1799 287 1911 284 1912 284 1949 269 1964 264 2074 264 2105 264 2106 264 2107 264 2111 263 2124 258 2200 258 2207 260 2246 273 2247 273 2248 273 2333 272 2334 272 2382 253 2419 251 2419 247 2414 198 2343 209 2273 208 2261 203 2220 190 2219 190 2218 190 2075 193 2074 193 2030 210 1988 197 1987 197 1986 197 1821 201 1736 213 1710 207 1709 207 1707 207 1706 207 1685 215 1624 207 1623 207 1621 207 1569 224 1545 215 1544 215 1445 212 1444 212 1337 235 1311 240 1271 237 1197 231 1196 231 1194 231 1163 241 1147 246 896 252 885 250 868 247 867 247 564 261 566 301"/></Shape>
	    <String CONTENT="cy aprèa nommés et Soussignés, fut présent le Cit. Jean B^te Dumay"
                    HPOS="564"
                    VPOS="190"
                    WIDTH="1855"
                    HEIGHT="132"></String>
          </TextLine>

          
          
          <TextLine ID="eSc_line_bb46ab14"
                    TAGREFS="LT777"
                    BASELINE="542 381 1326 342 2415 315" 
                    HPOS="539"
                    VPOS="272"
                    WIDTH="1876"
                    HEIGHT="127">
            <Shape><Polygon POINTS="542 381 542 391 613 399 614 399 748 396 749 396 798 382 817 377 844 380 862 382 863 382 882 379 954 364 1078 368 1079 368 1080 368 1107 359 1179 365 1180 365 1241 354 1274 365 1309 376 1310 376 1311 376 1312 376 1350 361 1382 350 1419 354 1420 354 1478 347 1509 355 1510 355 1511 355 1570 343 1651 343 1678 350 1726 363 1727 363 1728 363 1937 356 1938 356 1993 338 2018 331 2063 336 2079 337 2080 337 2096 334 2137 327 2176 332 2204 334 2205 334 2415 322 2415 315 2412 282 2345 272 2344 272 2151 290 2143 290 2142 290 2084 273 2083 273 2081 273 2025 276 2024 276 1972 296 1970 298 1897 300 1781 302 1780 302 1740 289 1739 289 1738 289 1675 304 1533 291 1532 291 1493 300 1472 294 1471 294 1469 294 1313 299 1206 314 1175 304 1174 304 1172 304 1091 306 1090 306 1060 316 948 317 947 317 904 332 904 333 880 333 622 341 591 333 590 333 588 333 539 344 542 381"/></Shape>
	    <String CONTENT="Bourgeois de cette ville natif d&#39;Autun en Bourgogne demeurant"
                    HPOS="539"
                    VPOS="272"
                    WIDTH="1876"
                    HEIGHT="127"></String>
          </TextLine>

          
          
          <TextLine ID="eSc_line_afedad83"
                    TAGREFS="LT777"
                    BASELINE="543 452 1315 414 2351 401" 
                    HPOS="541"
                    VPOS="350"
                    WIDTH="1810"
                    HEIGHT="111">
            <Shape><Polygon POINTS="543 452 543 461 922 437 1028 447 1061 450 1062 450 1105 448 1106 448 1120 444 1158 430 1359 426 1419 435 1425 435 1426 435 1435 434 1504 423 1528 431 1529 431 1531 431 1628 435 1629 435 1771 431 1772 431 1803 423 1826 415 1843 421 1862 428 1863 428 1864 429 1912 429 1912 428 1994 425 1996 425 2018 415 2030 410 2134 412 2227 413 2229 413 2230 413 2250 408 2262 406 2274 407 2315 414 2316 414 2317 414 2351 404 2351 401 2346 354 2279 358 2273 356 2256 350 2254 350 2253 350 2252 350 2235 358 2226 361 2180 361 2170 359 2128 354 2127 354 2126 354 2099 361 2069 370 2042 364 2031 361 2030 361 2029 361 2021 364 1997 376 1956 376 1935 368 1915 359 1913 359 1912 359 1911 359 1882 369 1852 379 1819 371 1818 371 1816 371 1814 371 1769 381 1718 376 1717 376 1628 385 1608 379 1607 379 1605 379 1604 379 1531 386 1515 381 1468 366 1467 366 1466 366 1161 374 1160 374 1109 394 1099 398 1074 396 1018 390 1017 390 1015 390 997 398 991 401 980 399 943 392 942 392 904 401 845 383 844 383 795 383 793 383 792 383 743 406 541 413 543 452"/></Shape>
	    <String CONTENT="ên cette ditte ville près de l&#39;ancienne pompe, lequel allant et"
                    HPOS="541"
                    VPOS="350"
                    WIDTH="1810"
                    HEIGHT="111"></String>
          </TextLine>

          
          
          <TextLine ID="eSc_line_f6105e93"
                    TAGREFS="LT777"
                    BASELINE="541 532 784 514 1402 490 2432 474" 
                    HPOS="538"
                    VPOS="426"
                    WIDTH="1893"
                    HEIGHT="145">
            <Shape><Polygon POINTS="539 547 683 544 684 544 689 543 759 525 804 527 895 571 880 517 907 527 963 559 975 533 1020 536 1021 536 1106 531 1107 531 1116 527 1144 516 1193 517 1194 517 1196 517 1223 506 1307 506 1397 517 1456 525 1457 525 1553 522 1613 510 1675 496 1759 499 1760 499 1819 491 1855 501 1872 505 1873 505 1874 505 1875 505 1891 499 1921 488 2097 485 2171 489 2256 494 2257 494 2312 484 2335 480 2430 480 2431 473 2427 437 2245 426 2243 426 2167 444 2165 444 2156 444 2070 441 2069 441 1998 448 1988 448 1981 448 1884 439 1883 439 1882 439 1848 448 1776 431 1775 431 1658 434 1657 434 1596 450 1523 437 1522 437 1361 441 1360 441 1329 451 1280 445 1279 445 1278 445 1247 458 1169 461 1167 461 1150 468 1105 453 1104 453 1102 453 1101 453 1048 473 1028 473 1015 473 943 455 942 455 941 455 891 463 847 455 846 455 845 455 818 466 799 463 798 463 723 480 538 485 539 531"/></Shape>
	    <String CONTENT="vaquant à ses affaires sain de corps, d&#39;esprit, mémoire et"
                    HPOS="538"
                    VPOS="426"
                    WIDTH="1893"
                    HEIGHT="145"></String>
          </TextLine>

          
          
          <TextLine ID="eSc_line_826f9992"
                    TAGREFS="LT777"
                    BASELINE="539 605 1034 583 1549 569 2431 559" 
                    HPOS="538"
                    VPOS="506"
                    WIDTH="1893"
                    HEIGHT="132">
            <Shape><Polygon POINTS="539 608 596 615 597 615 655 605 660 604 734 604 736 604 761 612 763 612 764 612 1121 604 1175 601 1176 601 1204 593 1240 583 1302 585 1337 621 1343 599 1344 599 1303 638 1412 598 1477 587 1531 576 1614 576 1642 582 1655 586 1656 586 1657 586 1658 586 1673 582 1705 572 2430 564 2431 559 2427 526 2333 527 2332 527 2270 506 2269 506 2223 506 2221 506 2096 521 2032 511 2031 511 1872 521 1828 515 1826 515 1661 518 1501 543 1439 531 1437 531 1387 538 1354 528 1353 528 1352 528 1266 529 1264 529 1191 550 1191 552 825 559 820 559 711 538 710 538 709 538 628 561 538 564 539 605"/></Shape>
	    <String CONTENT="entendement ainsi qu&#39;il est apparu auxdits notaire et témoins"
                    HPOS="538"
                    VPOS="506"
                    WIDTH="1893"
                    HEIGHT="132"></String>
          </TextLine>

          
          
          <TextLine ID="eSc_line_658afd38"
                    TAGREFS="LT777"
                    BASELINE="541 684 1176 653 2431 631" 
                    HPOS="539"
                    VPOS="581"
                    WIDTH="1892"
                    HEIGHT="108">
            <Shape><Polygon POINTS="541 686 723 689 725 689 768 682 806 674 845 679 868 682 869 682 894 678 942 669 977 675 1001 679 1002 679 1078 673 1137 668 1177 670 1252 674 1253 674 1255 674 1280 667 1316 658 1426 663 1432 663 1434 663 1437 663 1483 656 1515 661 1529 663 1531 663 1556 659 1623 651 1662 651 1685 657 1724 667 1726 667 1727 667 1906 663 1907 663 1949 650 1950 650 1970 655 1971 655 1972 655 2036 647 2040 647 2042 647 2113 658 2115 658 2116 658 2143 647 2214 648 2215 648 2216 648 2237 642 2246 640 2257 641 2302 648 2304 648 2305 648 2335 639 2344 637 2429 637 2431 631 2427 586 2293 581 2291 581 2246 591 2181 607 2107 607 2083 598 2081 598 2080 598 2079 598 2040 609 1915 612 1888 602 1862 593 1861 593 1859 593 1819 601 1789 590 1788 590 1787 590 1566 594 1565 594 1534 603 1457 598 1456 598 1455 598 1391 618 1371 625 1286 628 1155 628 1143 626 1028 608 1026 608 898 610 896 610 823 631 764 621 763 621 761 621 714 640 712 641 539 645 541 684"/></Shape>
	    <String CONTENT="dans la vüe de la mort, craignant d&#39;en être prévenu avant"
                    HPOS="539"
                    VPOS="581"
                    WIDTH="1892"
                    HEIGHT="108"></String>
          </TextLine>

          
          
          <TextLine ID="eSc_line_8ab54ef6"
                    TAGREFS="LT777"
                    BASELINE="530 766 809 745 1358 721 1951 730 2454 706" 
                    HPOS="526"
                    VPOS="666"
                    WIDTH="1927"
                    HEIGHT="109">
            <Shape><Polygon POINTS="2230 688 2218 688 2205 688 2193 688 2181 688 2177 675 2166 677 2155 677 2075 669 2074 669 1956 673 1913 666 1912 666 1840 683 1829 685 1819 684 1763 673 1601 667 1599 667 1506 669 1457 679 1274 675 1273 675 1194 686 1142 679 1140 679 1139 679 1080 700 1064 705 1039 700 945 684 944 684 943 684 877 702 836 696 835 696 793 706 754 716 662 717 636 710 604 699 603 699 602 699 526 711 528 765 530 775 572 767 603 772 609 774 610 774 612 774 615 772 645 760 679 760 704 769 705 769 706 769 803 755 921 758 922 758 997 744 1118 743 1160 754 1175 758 1176 758 1177 759 1229 759 1229 758 1272 756 1273 756 1294 749 1332 737 1440 744 1441 744 1442 744 1444 744 1471 732 1621 729 1648 738 1666 743 1667 743 1740 744 1742 744 1951 738 1986 731 2008 737 2009 737 2010 737 2193 732 2194 732 2232 717 2451 710 2453 705 2448 670 2232 674 2230 688"/></Shape>
	    <String CONTENT="d&#39;avoir mis ordre à ses affaires , s&#39;est exprès transporté en"
                    HPOS="526"
                    VPOS="666"
                    WIDTH="1927"
                    HEIGHT="109"></String>
          </TextLine>

          
          
          <TextLine ID="eSc_line_ec14de9e"
                    TAGREFS="LT777"
                    BASELINE="522 841 929 823 1699 802 2436 793" 
                    HPOS="521"
                    VPOS="731"
                    WIDTH="1915"
                    HEIGHT="131">
            <Shape><Polygon POINTS="522 862 626 861 628 861 631 859 685 845 698 848 699 848 700 848 796 831 872 840 873 840 971 831 1015 845 1017 845 1018 845 1139 825 1344 834 1345 834 1347 834 1387 818 1424 816 1466 831 1478 835 1479 835 1534 840 1536 840 1744 835 1745 835 1805 819 1859 805 2086 809 2105 809 2106 809 2111 808 2145 799 2253 798 2302 802 2391 809 2392 809 2393 809 2435 797 2436 793 2431 744 2385 749 2373 745 2342 733 2340 733 2339 733 2338 733 2315 742 2284 731 2283 731 2227 731 2226 731 2225 731 2170 750 2166 753 2120 756 2102 753 2075 745 2074 745 2073 745 2072 745 2039 754 2010 762 1745 767 1727 762 1663 744 1662 744 1661 744 1533 747 1532 747 1457 769 1342 753 1340 753 1274 769 1192 774 1161 766 1160 766 1159 766 1100 775 1001 759 999 759 958 760 956 760 904 780 841 762 840 762 839 762 782 771 748 766 747 766 745 766 699 785 626 776 625 776 624 776 571 793 568 796 521 796 522 841 522 862"/></Shape>
	    <String CONTENT="l&#39;Etude du M^e Balu notaire Soussigné où il a fait dicté et"
                    HPOS="521"
                    VPOS="731"
                    WIDTH="1915"
                    HEIGHT="131"></String>
          </TextLine>

          
          
          <TextLine ID="eSc_line_03630be4"
                    TAGREFS="LT777"
                    BASELINE="530 922 1004 897 2028 875 2397 873" 
                    HPOS="527"
                    VPOS="812"
                    WIDTH="1870"
                    HEIGHT="121">
            <Shape><Polygon POINTS="530 927 617 933 618 933 619 933 641 924 649 921 691 921 716 922 803 931 804 931 806 931 841 919 875 908 912 915 914 915 972 905 1148 904 1183 910 1202 913 1203 915 1278 915 1278 913 1279 913 1301 907 1337 897 1363 904 1364 904 1365 904 1366 904 1383 895 1463 895 1490 902 1515 908 1516 908 1517 908 1518 908 1542 901 1570 891 1601 899 1656 913 1657 913 1658 913 1794 904 2002 905 2003 905 2053 901 2055 901 2093 886 2108 879 2207 879 2219 883 2234 888 2235 888 2236 888 2280 881 2304 878 2318 880 2366 889 2367 889 2369 889 2397 878 2397 873 2392 812 2246 826 2091 821 2057 821 2056 821 2037 824 1951 837 1926 827 1912 823 1911 823 1910 823 1875 824 1874 824 1857 830 1832 840 1753 834 1739 834 1738 834 1737 834 1733 835 1691 850 1656 850 1566 841 1494 834 1493 834 1338 845 1282 839 1280 839 1118 842 1061 854 1034 845 1033 845 1031 845 934 847 933 847 869 866 857 870 527 878 530 922"/></Shape>
	    <String CONTENT="nommé aux dits notaire et témoins le présent son testament"
                    HPOS="527"
                    VPOS="812"
                    WIDTH="1870"
                    HEIGHT="121"></String>
          </TextLine>

          
          
          <TextLine ID="eSc_line_71a92334"
                    TAGREFS="LT777"
                    BASELINE="527 993 991 972 1809 965 2437 949" 
                    HPOS="525"
                    VPOS="905"
                    WIDTH="1912"
                    HEIGHT="99">
            <Shape><Polygon POINTS="527 993 527 1004 651 992 714 997 715 997 833 987 937 994 938 994 1017 982 1258 978 1309 985 1318 986 1320 986 1327 985 1358 977 1399 982 1428 986 1429 986 1485 980 1517 977 1542 978 1609 983 1610 983 1646 976 1647 976 1648 976 1674 982 1675 982 1677 982 1781 972 1810 969 1893 969 1896 969 1923 976 1924 976 1926 976 1927 976 1945 969 1988 976 1989 976 2111 973 2207 970 2208 970 2229 962 2339 969 2340 969 2436 954 2437 949 2434 917 2291 919 2277 918 2174 905 2172 905 2171 905 2121 919 2108 924 1858 928 1837 923 1820 918 1819 918 1625 908 1624 908 1558 917 1526 913 1524 913 1523 913 1491 927 1486 928 1482 927 1457 919 1456 919 1455 919 1453 919 1425 927 1404 933 1354 928 1348 928 1347 928 1339 928 1252 939 1224 929 1192 918 1191 918 1190 918 998 922 950 933 884 949 783 949 743 935 721 927 720 927 718 927 677 928 676 928 657 935 645 940 525 938 527 993"/></Shape>
	    <String CONTENT="et ordonnance de dernière volonté de la maniere et ainsi"
                    HPOS="525"
                    VPOS="905"
                    WIDTH="1912"
                    HEIGHT="99"></String>
          </TextLine>

          
          
          <TextLine ID="eSc_line_8994560c"
                    TAGREFS="LT777"
                    BASELINE="532 1073 884 1051" 
                    HPOS="528"
                    VPOS="992"
                    WIDTH="356"
                    HEIGHT="100">
            <Shape><Polygon POINTS="532 1073 533 1092 571 1092 572 1092 576 1091 610 1072 666 1073 667 1073 668 1073 669 1073 677 1067 684 1073 685 1073 687 1073 688 1073 736 1064 772 1075 775 1075 776 1075 777 1075 779 1075 780 1075 780 1074 790 1064 830 1059 883 1065 884 1051 880 1009 847 1000 846 1000 845 1000 844 1000 842 1000 839 1004 826 993 826 992 825 992 824 992 823 992 761 996 760 996 759 996 720 1020 718 1021 717 1020 705 1016 704 1016 702 1016 701 1016 685 1023 677 1026 673 1024 653 1009 652 1009 651 1009 625 1004 624 1004 623 1004 622 1004 622 1005 597 1029 593 1032 528 1032 532 1073"/></Shape>
	    <String CONTENT="qu&#39;il Suit."
                    HPOS="528"
                    VPOS="992"
                    WIDTH="356"
                    HEIGHT="100"></String>
          </TextLine>

          
          
          <TextLine ID="eSc_line_88276a21"
                    TAGREFS="LT777"
                    BASELINE="614 1157 1009 1138 1814 1137 2259 1122 2441 1122" 
                    HPOS="612"
                    VPOS="1028"
                    WIDTH="1829"
                    HEIGHT="176">
            <Shape><Polygon POINTS="2405 1084 2271 1028 2166 1074 2165 1074 2164 1074 2162 1074 2131 1066 1967 1089 1910 1068 1909 1068 1907 1068 1906 1068 1861 1083 1807 1065 1805 1065 1775 1065 1774 1065 1652 1068 1651 1068 1570 1095 1504 1079 1502 1079 1446 1086 1394 1073 1393 1073 1392 1073 1348 1081 1322 1073 1321 1073 1320 1073 1318 1073 1289 1080 1223 1074 1221 1074 1220 1074 1186 1086 1163 1081 1161 1081 1093 1094 1029 1077 1028 1077 1026 1077 926 1080 925 1080 829 1106 644 1097 642 1097 641 1097 612 1108 614 1157 615 1170 787 1151 848 1165 861 1167 862 1167 1026 1165 1048 1160 1112 1146 1209 1156 1210 1156 1212 1156 1256 1145 1310 1155 1316 1155 1317 1155 1318 1155 1322 1154 1363 1143 1462 1143 1491 1150 1523 1157 1519 1204 1594 1156 1596 1156 1630 1148 1643 1144 1694 1145 1856 1153 1857 1153 1924 1140 1948 1135 2440 1128 2441 1122 2426 1091 2415 1088"/></Shape>
	    <String CONTENT="Donne et légue le Testateur au S^r Pierre françois Beaudeau"
                    HPOS="612"
                    VPOS="1028"
                    WIDTH="1829"
                    HEIGHT="176"></String>
          </TextLine>

          
          
          <TextLine ID="eSc_line_bdb8d709"
                    TAGREFS="LT777"
                    BASELINE="533 1241 853 1222 1273 1213 2052 1210 2366 1202" 
                    HPOS="533"
                    VPOS="1160"
                    WIDTH="1833"
                    HEIGHT="110">
            <Shape><Polygon POINTS="533 1241 533 1264 696 1270 698 1270 744 1259 790 1249 842 1258 895 1265 896 1265 898 1265 929 1256 970 1242 1031 1242 1063 1242 1089 1252 1105 1258 1106 1258 1107 1258 1109 1258 1125 1251 1126 1251 1128 1251 1171 1258 1172 1258 1174 1258 1194 1249 1218 1240 1248 1248 1295 1261 1296 1261 1298 1262 1349 1262 1349 1261 1350 1261 1414 1245 1444 1237 1468 1243 1526 1257 1527 1257 1528 1257 1576 1243 1614 1249 1615 1249 1617 1249 1643 1238 1652 1235 1702 1235 1717 1237 1767 1247 1769 1247 1770 1247 1797 1235 1802 1232 1853 1230 1931 1232 1954 1232 2002 1251 2003 1251 2004 1251 2064 1243 2174 1248 2175 1248 2176 1248 2241 1225 2242 1224 2365 1221 2366 1202 2362 1172 2253 1177 2239 1173 2209 1166 2208 1166 2207 1166 2205 1166 2183 1175 2174 1180 2089 1180 2073 1176 2001 1160 1960 1160 1959 1160 1843 1169 1842 1169 1805 1181 1797 1184 1637 1166 1511 1186 1445 1167 1444 1167 1442 1167 1378 1169 1377 1169 1325 1187 1203 1171 1202 1171 993 1175 992 1175 952 1184 891 1176 890 1176 780 1177 779 1177 709 1199 707 1200 536 1202 533 1220"/></Shape>
	    <String CONTENT="bourgois de cette ville une somme de cinquante Livres pour"
                    HPOS="533"
                    VPOS="1160"
                    WIDTH="1833"
                    HEIGHT="110"></String>
          </TextLine>

          
        </TextBlock>
        
        <TextBlock HPOS="424"
                   VPOS="1319"
                   WIDTH="96"
                   HEIGHT="118"
                   ID="eSc_textblock_49d2c52f"
                   TAGREFS="BT1932">
          <Shape><Polygon POINTS="424 1437 424 1319 520 1319 520 1437"/></Shape>
          
          
          <TextLine ID="eSc_line_468f8635"
                    TAGREFS="LT777"
                    BASELINE="424 1432 471 1431 523 1430" 
                    HPOS="410"
                    VPOS="1307"
                    WIDTH="112"
                    HEIGHT="139">
            <Shape><Polygon POINTS="423 1433 484 1433 493 1442 495 1443 495 1445 496 1445 498 1445 499 1446 522 1446 522 1429 493 1307 410 1325 423 1431"/></Shape>
	    <String CONTENT="8"
                    HPOS="410"
                    VPOS="1307"
                    WIDTH="112"
                    HEIGHT="139"></String>
          </TextLine>

          
        </TextBlock>
        

        
      </PrintSpace>
    </Page>
  </Layout>
</alto>
