<?xml version="1.0" encoding="UTF-8"?>
<alto xmlns:xsi="http://www.w3.org/2001/XMLSchema-instance"
      xmlns="http://www.loc.gov/standards/alto/ns-v4#"
      xsi:schemaLocation="http://www.loc.gov/standards/alto/ns-v4# http://www.loc.gov/standards/alto/v4/alto-4-2.xsd">
  <Description>
    <MeasurementUnit>pixel</MeasurementUnit>
    <sourceImageInformation>
      <fileName>JK11_1__recadre1.pdf_page_7.png</fileName>
      
    </sourceImageInformation>
  </Description>
  
  <Tags>
    <OtherTag ID="BT1929" LABEL="DigitizationArtefactZone:fingers" DESCRIPTION="block type DigitizationArtefactZone:fingers"/><OtherTag ID="BT1930" LABEL="MainZone" DESCRIPTION="block type MainZone"/><OtherTag ID="BT1931" LABEL="MarginTextZone" DESCRIPTION="block type MarginTextZone"/><OtherTag ID="BT1932" LABEL="NumberingZone:page" DESCRIPTION="block type NumberingZone:page"/><OtherTag ID="BT1933" LABEL="NumberingZone:folio" DESCRIPTION="block type NumberingZone:folio"/><OtherTag ID="BT1934" LABEL="NumberingZone:document" DESCRIPTION="block type NumberingZone:document"/><OtherTag ID="BT1935" LABEL="CustomZone:paraph" DESCRIPTION="block type CustomZone:paraph"/><OtherTag ID="BT1941" LABEL="CustomZone:closer" DESCRIPTION="block type CustomZone:closer"/><OtherTag ID="BT1942" LABEL="CustomZone:opener" DESCRIPTION="block type CustomZone:opener"/>
    <OtherTag ID="LT777" LABEL="DefaultLine" DESCRIPTION="line type DefaultLine"/><OtherTag ID="LT778" LABEL="HeadingLine" DESCRIPTION="line type HeadingLine"/><OtherTag ID="LT779" LABEL="InterlinearZone" DESCRIPTION="line type InterlinearZone"/>
  </Tags>
  
  <Layout>
    <Page WIDTH="2146"
          HEIGHT="3508"
          PHYSICAL_IMG_NR="6"
          ID="eSc_dummypage_">
      <PrintSpace HPOS="0"
                  VPOS="0"
                  WIDTH="2146"
                  HEIGHT="3508">
        
        <TextBlock HPOS="414"
                   VPOS="6"
                   WIDTH="1728"
                   HEIGHT="3268"
                   ID="eSc_textblock_6111585f"
                   TAGREFS="BT1930">
          <Shape><Polygon POINTS="414 6 418 3246 2142 3274 2133 378 2142 148 1690 148 1595 7"/></Shape>
          
          
          <TextLine ID="eSc_line_e07d466b"
                    TAGREFS="LT777"
                    BASELINE="415 84 1627 114" 
                    HPOS="409"
                    VPOS="23"
                    WIDTH="1216"
                    HEIGHT="108">
            <Shape><Polygon POINTS="409 99 535 122 537 122 739 114 771 128 774 128 777 131 1622 131 1625 111 1625 52 412 23 412 81"/></Shape>
	    <String CONTENT="Emplacement Susditte rüe ayant vüe et entrée"
                    HPOS="409"
                    VPOS="23"
                    WIDTH="1216"
                    HEIGHT="108"></String>
          </TextLine>

          
          
          <TextLine ID="eSc_line_a8de3c70"
                    TAGREFS="LT777"
                    BASELINE="409 152 973 175 2029 181" 
                    HPOS="406"
                    VPOS="93"
                    WIDTH="1637"
                    HEIGHT="123">
            <Shape><Polygon POINTS="1546 114 1517 114 1488 114 1473 114 1429 122 1391 128 1371 119 1353 114 1341 114 1312 114 1303 119 1298 125 1058 125 1055 119 1043 111 1020 111 1017 108 973 119 950 122 938 119 900 105 897 105 894 105 809 119 795 119 786 119 725 96 722 96 719 96 546 111 505 93 502 93 429 93 409 140 409 152 406 172 725 175 736 181 777 201 780 201 783 201 932 187 953 187 958 187 991 204 994 204 996 204 1160 192 1189 192 1198 195 1230 207 1233 207 1236 207 1318 198 1362 192 1368 198 1374 207 1377 207 1377 210 1379 210 1382 210 1385 213 1619 213 1619 210 1622 210 1625 210 1631 207 1648 195 1780 210 1818 213 1821 213 1844 210 1976 195 2020 216 2043 125 2023 125 1724 131 1716 122 1704 114 1704 111 1701 111 1698 111 1581 108 1575 111"/></Shape>
	    <String CONTENT="daus la ditte Cour, néanmoins Saine d&#39;Esprit mémoire et"
                    HPOS="406"
                    VPOS="93"
                    WIDTH="1637"
                    HEIGHT="123"></String>
          </TextLine>

          
          
          <TextLine ID="eSc_line_c13fefc9"
                    TAGREFS="LT777"
                    BASELINE="406 225 1011 248 2102 242" 
                    HPOS="406"
                    VPOS="172"
                    WIDTH="1696"
                    HEIGHT="105">
            <Shape><Polygon POINTS="1631 181 1625 181 1520 198 1461 181 1456 181 1453 181 1450 181 1438 184 1394 192 1379 184 1374 178 1368 178 1353 178 1347 184 1327 198 973 198 953 187 929 175 929 175 906 175 859 187 836 192 812 187 748 172 745 172 570 187 555 175 555 172 552 172 549 172 426 172 423 172 421 172 418 172 406 181 406 225 406 271 441 257 453 268 453 271 456 271 459 271 461 271 488 271 774 257 804 268 809 271 812 271 815 271 1213 266 1581 263 1605 266 1701 277 1704 277 2099 260 2102 242 2090 178 2014 201 1695 201 1660 181 1631 181"/></Shape>
	    <String CONTENT="Jugement ainsi qu&#39;il est apparu au Notaire et témoins Soussignés"
                    HPOS="406"
                    VPOS="172"
                    WIDTH="1696"
                    HEIGHT="105"></String>
          </TextLine>

          
          
          <TextLine ID="eSc_line_40510276"
                    TAGREFS="LT777"
                    BASELINE="418 304 2102 315" 
                    HPOS="415"
                    VPOS="239"
                    WIDTH="1687"
                    HEIGHT="100">
            <Shape><Polygon POINTS="1572 245 1523 260 1514 263 1511 260 1491 248 1467 248 1438 248 1429 248 1289 257 1283 257 1254 248 1233 248 1219 248 1210 257 1207 257 1163 248 1146 248 1116 248 1113 248 1096 254 1084 260 1073 254 1058 248 1029 248 1023 254 1020 260 1005 254 991 248 970 248 958 248 953 254 947 260 812 260 806 251 795 242 768 239 418 245 418 304 415 321 423 330 423 333 426 333 429 333 432 333 783 321 836 336 839 336 842 336 1096 324 1128 324 2096 339 2102 315 2102 268 2058 248 2055 248 2052 248 2049 248 1985 266 1877 248 1874 248 1719 263 1684 266 1663 263 1578 245 1575 245"/></Shape>
	    <String CONTENT="a fait et dicté le présent son testament et ordonnance de derniere"
                    HPOS="415"
                    VPOS="239"
                    WIDTH="1687"
                    HEIGHT="100"></String>
          </TextLine>

          
          
          <TextLine ID="eSc_line_bff7c864"
                    TAGREFS="LT777"
                    BASELINE="418 371 2058 382" 
                    HPOS="415"
                    VPOS="306"
                    WIDTH="1643"
                    HEIGHT="112">
            <Shape><Polygon POINTS="2014 315 1993 315 1964 315 1935 315 1917 315 1915 315 1912 315 1909 315 1885 330 1871 318 1871 315 1868 315 1865 315 1847 315 1818 315 1789 315 1765 315 1762 315 1760 315 1757 315 1742 330 1736 336 1663 336 1657 327 1648 315 1646 315 1646 312 1643 312 1640 312 1637 312 1505 324 1447 330 1435 324 1420 312 1417 312 1415 312 1409 312 1379 312 1350 312 1321 312 1303 312 1301 312 1298 312 1271 321 1236 330 1014 330 988 315 976 309 973 309 970 309 967 309 964 309 964 312 961 315 950 327 839 327 806 312 795 306 792 306 789 306 716 309 459 324 426 306 421 306 418 371 415 409 570 409 570 406 573 406 575 406 593 391 862 394 877 406 882 412 885 412 888 412 891 412 894 412 915 406 953 397 1020 406 1064 412 1067 412 1070 412 1073 412 1081 406 1102 394 1178 406 1236 415 1239 415 1292 406 1321 400 1330 406 1339 415 1341 415 1344 415 1347 415 1470 406 1581 397 1678 406 1815 418 1818 418 2055 403 2058 382 2058 336 2017 315 2014 315"/></Shape>
	    <String CONTENT="Volonté audit notaire en présence des dits temoins Soussignés"
                    HPOS="415"
                    VPOS="306"
                    WIDTH="1643"
                    HEIGHT="112"></String>
          </TextLine>

          
          
          <TextLine ID="eSc_line_923000ed"
                    TAGREFS="LT777"
                    BASELINE="415 444 804 438" 
                    HPOS="412"
                    VPOS="374"
                    WIDTH="392"
                    HEIGHT="93">
            <Shape><Polygon POINTS="415 444 415 467 654 453 675 453 777 464 780 464 783 464 786 464 804 450 804 438 795 374 412 394 415 444"/></Shape>
	    <String CONTENT="comme Suit."
                    HPOS="412"
                    VPOS="374"
                    WIDTH="392"
                    HEIGHT="93"></String>
          </TextLine>

          
          
          <TextLine ID="eSc_line_efe7e081"
                    TAGREFS="LT777"
                    BASELINE="491 520 2105 508" 
                    HPOS="488"
                    VPOS="426"
                    WIDTH="1617"
                    HEIGHT="126">
            <Shape><Polygon POINTS="605 444 575 444 546 444 526 444 488 461 491 520 491 534 903 532 912 534 935 549 938 549 941 549 944 552 1172 552 1172 549 2102 526 2105 508 2096 432 1944 453 1920 435 1912 426 1909 426 1906 426 1841 426 1839 426 1836 426 1833 426 1833 429 1821 438 1809 447 1795 438 1792 435 1789 435 1786 435 1783 435 1780 435 1771 438 1733 453 1707 441 1686 429 1684 429 1681 429 1581 444 1485 456 1467 444 1447 429 1444 429 1441 429 1438 429 1435 429 1403 447 1382 458 1280 458 1271 450 1254 435 1254 432 1251 432 1248 432 1151 432 1149 432 1146 432 1143 432 1143 435 1122 453 1116 461 1052 461 1034 456 956 432 953 432 950 432 947 432 880 456 853 438 850 438 847 438 844 438 842 438 839 438 839 441 815 458 812 464 669 464 646 464 619 441 605 444"/></Shape>
	    <String CONTENT="Premierement déclare que tout ce qu&#39;elle possede lui vient de"
                    HPOS="488"
                    VPOS="426"
                    WIDTH="1617"
                    HEIGHT="126"></String>
          </TextLine>

          
          
          <TextLine ID="eSc_line_caea65e0"
                    TAGREFS="LT777"
                    BASELINE="415 593 2058 584 2069 584 2146 584" 
                    HPOS="412"
                    VPOS="508"
                    WIDTH="1733"
                    HEIGHT="120">
            <Shape><Polygon POINTS="415 628 540 628 540 625 543 625 546 625 546 622 564 608 850 619 973 625 976 625 1034 619 1113 608 1175 616 1222 622 1225 622 1227 622 1257 616 1301 605 1426 613 1534 619 1537 619 1540 619 1543 619 1552 610 1558 605 1581 610 1616 619 1619 619 1622 619 1625 619 1648 610 1666 602 1719 608 1798 619 1801 619 2105 602 2144 573 2145 508 2043 517 2040 517 2037 517 2034 517 2034 520 2023 529 2017 537 1897 537 1859 529 1798 517 1795 517 1792 517 1754 532 1739 537 1736 532 1727 526 1727 523 1724 523 1722 523 1575 517 1572 517 1570 517 1567 517 1540 534 1526 543 1260 543 1251 537 1230 520 1227 520 1225 520 1222 520 1219 520 1216 520 1189 537 1181 543 982 543 970 540 891 523 514 523 511 523 412 543 415 593"/></Shape>
	    <String CONTENT="son Industrie et Travail, que ses Biens consistent en Esclaves, éffets"
                    HPOS="412"
                    VPOS="508"
                    WIDTH="1733"
                    HEIGHT="120"></String>
          </TextLine>

          
          
          <TextLine ID="eSc_line_c4541327"
                    TAGREFS="LT777"
                    BASELINE="418 666 2075 657" 
                    HPOS="415"
                    VPOS="590"
                    WIDTH="1660"
                    HEIGHT="94">
            <Shape><Polygon POINTS="418 666 418 684 2072 681 2075 657 2072 613 1996 590 1993 590 1991 590 1830 610 1724 590 1722 590 1719 590 1716 590 1716 593 1692 610 1599 593 1596 593 1464 610 1426 593 1423 593 1239 593 1236 593 1233 593 1230 593 1201 616 1087 616 1064 596 1064 593 1061 593 1058 593 1055 593 1052 593 1049 593 1017 613 950 596 947 596 944 596 745 616 546 596 543 596 540 596 537 596 537 599 514 619 415 619 418 666"/></Shape>
	    <String CONTENT="mobiliers, en Tarrein Emplacement et maison Susditte rüe des"
                    HPOS="415"
                    VPOS="590"
                    WIDTH="1660"
                    HEIGHT="94"></String>
          </TextLine>

          
          
          <TextLine ID="eSc_line_c206cde4"
                    TAGREFS="LT777"
                    BASELINE="415 745 2099 730" 
                    HPOS="412"
                    VPOS="660"
                    WIDTH="1687"
                    HEIGHT="102">
            <Shape><Polygon POINTS="1844 660 1821 660 1801 675 1707 660 1704 660 1701 660 1698 660 1698 663 1684 678 1646 663 1643 663 1640 663 1467 678 1429 663 1406 663 1400 663 1306 681 1245 663 1242 663 1239 663 1236 663 1178 678 953 666 950 666 947 666 900 684 888 672 888 669 885 669 882 669 880 669 689 684 602 669 599 669 596 669 593 669 573 684 456 669 453 669 450 669 412 684 415 745 415 757 1757 762 1760 762 1762 762 1806 745 1809 745 1827 760 1830 760 1833 760 1836 760 2096 742 2099 730 2093 678 1894 678 1844 660 1844 660"/></Shape>
	    <String CONTENT="Pucelles et en la moitie d&#39;un terrain Sis au Canton de Flacq, avec"
                    HPOS="412"
                    VPOS="660"
                    WIDTH="1687"
                    HEIGHT="102"></String>
          </TextLine>

          
          
          <TextLine ID="eSc_line_eafb4f14"
                    TAGREFS="LT777"
                    BASELINE="423 809 2087 803" 
                    HPOS="421"
                    VPOS="736"
                    WIDTH="1666"
                    HEIGHT="120">
            <Shape><Polygon POINTS="1561 736 1555 736 1496 751 1415 739 1385 739 1356 739 1353 739 1327 751 1119 739 1093 739 1064 742 1037 742 999 751 976 742 976 742 947 742 941 742 912 754 877 742 859 742 830 742 801 742 786 742 689 751 681 745 654 745 625 745 596 745 567 745 537 745 508 745 479 745 461 745 421 757 423 809 423 830 546 830 552 830 593 853 596 853 599 853 602 853 605 853 631 830 634 830 745 830 751 830 812 853 815 853 818 853 821 853 891 830 894 830 923 853 926 853 929 853 932 853 1113 830 1122 830 1125 830 1172 853 1175 853 1178 856 1251 856 1251 853 1321 850 1324 850 1327 850 1359 830 1362 827 1394 830 1578 850 1581 850 1765 833 1958 850 1961 850 2084 827 2087 803 2081 754 1637 754 1584 736 1561 736"/></Shape>
	    <String CONTENT="une negresse et ses quatre enfants dont L&#39;un est ici en sa"
                    HPOS="421"
                    VPOS="736"
                    WIDTH="1666"
                    HEIGHT="120"></String>
          </TextLine>

          
          
          <TextLine ID="eSc_line_f5f614bb"
                    TAGREFS="LT777"
                    BASELINE="418 879 783 874" 
                    HPOS="415"
                    VPOS="821"
                    WIDTH="368"
                    HEIGHT="91">
            <Shape><Polygon POINTS="418 879 421 912 505 891 567 903 573 903 575 903 578 903 581 903 622 888 640 900 651 906 654 906 657 906 660 906 783 888 783 874 774 821 415 821 418 879"/></Shape>
	    <String CONTENT="posession"
                    HPOS="415"
                    VPOS="821"
                    WIDTH="368"
                    HEIGHT="91"></String>
          </TextLine>

          
          
          <TextLine ID="eSc_line_e4e421f4"
                    TAGREFS="LT777"
                    BASELINE="485 955 2093 938" 
                    HPOS="482"
                    VPOS="859"
                    WIDTH="1611"
                    HEIGHT="120">
            <Shape><Polygon POINTS="687 877 684 877 660 888 649 877 628 877 613 877 573 888 540 894 482 888 485 955 485 979 2093 958 2093 938 2087 888 1862 874 1859 874 1856 874 1815 888 1809 888 1783 865 1780 865 1777 865 1774 865 1695 877 1628 859 1625 859 1622 859 1619 859 1546 882 1485 862 1482 862 1479 862 1330 865 1327 865 1324 865 1292 888 1280 894 1260 888 1195 865 1192 865 1149 865 1146 865 1143 865 1140 865 1140 868 1119 888 1111 897 1014 897 994 888 941 868 938 868 935 868 853 874 850 874 847 874 847 877 836 888 824 900 745 900 722 888 701 877 687 877"/></Shape>
	    <String CONTENT="Secondement déclare que les grandes obligations qu&#39;elle a"
                    HPOS="482"
                    VPOS="859"
                    WIDTH="1611"
                    HEIGHT="120"></String>
          </TextLine>

          
          
          <TextLine ID="eSc_line_8533b7be"
                    TAGREFS="LT777"
                    BASELINE="415 1020 2084 1005" 
                    HPOS="412"
                    VPOS="941"
                    WIDTH="1672"
                    HEIGHT="114">
            <Shape><Polygon POINTS="1815 944 1789 944 1757 955 1739 944 1727 944 1707 944 1625 958 1602 944 1581 944 1572 944 1540 958 1529 947 1523 947 1494 947 1464 947 1435 947 1406 947 1400 947 1385 961 1204 961 1181 950 1172 950 1143 950 1134 950 1073 964 1055 950 1026 950 1023 950 935 964 912 953 909 953 880 953 850 953 821 953 792 953 763 953 736 953 725 964 669 955 646 955 616 955 605 955 561 967 412 950 415 1020 415 1055 578 1043 684 1055 707 1055 710 1055 713 1055 716 1055 719 1052 748 1034 818 1049 821 1049 824 1049 827 1049 844 1034 973 1034 985 1046 988 1049 988 1052 991 1052 994 1052 996 1052 999 1052 1002 1052 1008 1046 1023 1037 1034 1046 1040 1052 1043 1052 1046 1052 1049 1052 1096 1046 1175 1031 1271 1040 1330 1046 1333 1046 1336 1046 1339 1046 1344 1040 1356 1029 1602 1029 1628 1034 1678 1046 1681 1046 1684 1046 1686 1046 1739 1031 1762 1026 1783 1031 1833 1043 1836 1043 1839 1043 2081 1023 2084 1005 2075 944 1900 955 1841 944 1833 941 1815 944"/></Shape>
	    <String CONTENT="depuis longtemps au Cit. Rion habitant de cette Jsle la porte"
                    HPOS="412"
                    VPOS="941"
                    WIDTH="1672"
                    HEIGHT="114"></String>
          </TextLine>

          
          
          <TextLine ID="eSc_line_ce4b92f9"
                    TAGREFS="LT777"
                    BASELINE="426 1096 2087 1084" 
                    HPOS="423"
                    VPOS="1020"
                    WIDTH="1664"
                    HEIGHT="111">
            <Shape><Polygon POINTS="426 1096 426 1113 529 1128 532 1128 672 1113 695 1110 698 1113 713 1125 713 1128 716 1128 719 1128 722 1131 839 1131 839 1128 1371 1107 1447 1105 1453 1105 1502 1122 1505 1122 1508 1122 1613 1107 1663 1122 1666 1122 1669 1122 1672 1122 1739 1105 1751 1102 2084 1102 2087 1084 2078 1020 1666 1043 1552 1029 1499 1023 1496 1023 1494 1023 1473 1031 1435 1046 1251 1046 1216 1034 1189 1026 1187 1026 1184 1026 1122 1037 1073 1046 1049 1037 1011 1026 1008 1026 1005 1026 1002 1026 999 1026 982 1040 970 1046 897 1040 719 1029 716 1029 713 1029 663 1046 651 1049 631 1046 514 1029 511 1029 508 1029 505 1029 505 1031 485 1049 485 1052 423 1052 426 1096"/></Shape>
	    <String CONTENT="à lui en témoigner sa reconnaissance en Conséquence veut et"
                    HPOS="423"
                    VPOS="1020"
                    WIDTH="1664"
                    HEIGHT="111"></String>
          </TextLine>

          
          
          <TextLine ID="eSc_line_721e9248"
                    TAGREFS="LT777"
                    BASELINE="423 1169 2105 1160" 
                    HPOS="421"
                    VPOS="1090"
                    WIDTH="1684"
                    HEIGHT="105">
            <Shape><Polygon POINTS="1634 1090 1631 1090 1540 1099 1438 1110 1420 1099 1415 1093 1412 1093 1409 1093 1257 1093 1254 1093 1251 1093 1248 1093 1239 1099 1222 1110 1111 1099 1102 1099 1099 1099 1081 1099 812 1113 795 1099 795 1096 792 1096 789 1096 786 1096 783 1096 777 1099 733 1113 687 1099 681 1096 678 1096 675 1096 421 1096 423 1169 423 1192 1438 1181 1467 1192 1470 1195 1473 1195 1476 1195 1479 1195 1485 1192 1517 1181 1532 1192 1532 1195 1534 1195 1537 1195 1540 1195 1543 1195 1549 1192 1593 1178 1643 1192 1646 1192 1648 1195 1920 1195 1920 1192 1923 1192 1964 1178 2099 1192 2105 1160 2099 1102 1689 1090 1686 1090 1684 1090 1681 1090 1672 1099 1666 1105 1657 1099 1637 1090 1634 1090"/></Shape>
	    <String CONTENT="entend que le dit Rion joüira a vie durante de tous ses Biens"
                    HPOS="421"
                    VPOS="1090"
                    WIDTH="1684"
                    HEIGHT="105"></String>
          </TextLine>

          
          
          <TextLine ID="eSc_line_c708dca8"
                    TAGREFS="LT777"
                    BASELINE="426 1242 2105 1233" 
                    HPOS="426"
                    VPOS="1163"
                    WIDTH="1679"
                    HEIGHT="94">
            <Shape><Polygon POINTS="2037 1163 2031 1163 2002 1163 1973 1163 1944 1163 1941 1163 1938 1163 1882 1186 1879 1186 1865 1186 1701 1175 1698 1175 1602 1183 1537 1189 1514 1183 1485 1175 1482 1175 1479 1175 1438 1183 1400 1189 1388 1181 1365 1166 1362 1166 1359 1166 1330 1166 1301 1166 1271 1166 1268 1166 1265 1166 1263 1166 1260 1166 1239 1181 1230 1186 1219 1181 1198 1166 1195 1166 1192 1166 1189 1166 1116 1178 1102 1181 1081 1178 996 1166 979 1169 961 1178 932 1195 847 1195 815 1175 801 1169 798 1169 795 1169 792 1169 774 1175 736 1192 698 1175 684 1169 681 1169 678 1169 675 1169 663 1175 625 1192 584 1175 573 1169 570 1169 567 1169 564 1169 561 1169 561 1172 558 1175 540 1192 464 1192 429 1172 426 1242 426 1257 2102 1248 2105 1233 2102 1189 2040 1163 2037 1163"/></Shape>
	    <String CONTENT="meubles et Immeubles et de tout ce qui pourra lui appartenir"
                    HPOS="426"
                    VPOS="1163"
                    WIDTH="1679"
                    HEIGHT="94"></String>
          </TextLine>

          
          
          <TextLine ID="eSc_line_6ecb31da"
                    TAGREFS="LT777"
                    BASELINE="432 1312 2116 1297" 
                    HPOS="429"
                    VPOS="1236"
                    WIDTH="1687"
                    HEIGHT="91">
            <Shape><Polygon POINTS="1877 1236 1874 1236 1871 1236 1757 1254 1745 1254 1742 1254 1707 1236 1686 1236 1663 1254 1660 1254 1572 1236 1570 1236 1540 1239 1537 1239 1494 1254 1377 1239 1365 1239 1339 1239 1274 1257 1245 1239 1227 1239 1213 1254 1189 1242 1187 1242 1184 1242 999 1259 979 1242 979 1239 956 1242 926 1242 897 1242 868 1242 839 1242 809 1242 780 1242 774 1242 771 1242 760 1257 564 1242 561 1242 558 1242 555 1242 555 1245 537 1262 429 1265 432 1312 432 1327 2116 1327 2116 1297 2107 1251 1894 1251 1879 1239 1879 1236 1877 1236"/></Shape>
	    <String CONTENT="au Jour de son décès lui faisant don et legs de la Jouissance"
                    HPOS="429"
                    VPOS="1236"
                    WIDTH="1687"
                    HEIGHT="91"></String>
          </TextLine>

          
          
          <TextLine ID="eSc_line_56759b4a"
                    TAGREFS="LT777"
                    BASELINE="409 1385 2093 1371" 
                    HPOS="406"
                    VPOS="1303"
                    WIDTH="1687"
                    HEIGHT="114">
            <Shape><Polygon POINTS="1710 1303 1707 1303 1704 1303 1701 1303 1701 1306 1684 1324 1628 1324 1599 1324 1596 1324 1558 1303 1555 1303 1546 1303 1517 1303 1488 1303 1458 1303 1450 1303 1450 1306 1435 1318 1303 1306 1301 1306 1213 1327 1210 1327 1134 1306 1131 1306 1128 1306 1125 1306 1070 1330 1067 1330 1043 1330 789 1309 786 1309 780 1309 780 1312 757 1333 713 1333 570 1333 549 1315 549 1312 546 1312 543 1312 523 1312 494 1312 488 1312 485 1312 482 1312 406 1330 409 1385 409 1397 447 1414 450 1414 739 1417 742 1417 745 1417 792 1397 1073 1414 1075 1414 1078 1414 1125 1394 1347 1394 1374 1411 1377 1411 1379 1411 1382 1411 1385 1411 1388 1411 1423 1391 1537 1391 1590 1409 1593 1409 1596 1411 1754 1411 1754 1409 1900 1391 2061 1403 2064 1403 2067 1403 2069 1403 2093 1385 2093 1371 2090 1321 2049 1303 2046 1303 2043 1303 2040 1303 2037 1303 2037 1306 2026 1315 2014 1306 2011 1306 2008 1306 2005 1306 1751 1321 1713 1303 1710 1303"/></Shape>
	    <String CONTENT="du tout le priant d&#39;accepter cet usufruit à la Charge par lui"
                    HPOS="406"
                    VPOS="1303"
                    WIDTH="1687"
                    HEIGHT="114"></String>
          </TextLine>

          
          
          <TextLine ID="eSc_line_7cc6e725"
                    TAGREFS="LT777"
                    BASELINE="421 1461 1143 1449 2064 1455" 
                    HPOS="421"
                    VPOS="1379"
                    WIDTH="1643"
                    HEIGHT="111">
            <Shape><Polygon POINTS="856 1382 853 1382 850 1382 836 1388 789 1409 689 1409 657 1385 651 1385 622 1385 611 1385 470 1406 421 1385 421 1461 421 1476 725 1487 728 1487 730 1487 763 1479 801 1467 1061 1467 1084 1482 1093 1487 1096 1487 1099 1487 1102 1490 1184 1490 1184 1487 1187 1487 1189 1487 1189 1485 1195 1482 1210 1467 1260 1467 1309 1482 1330 1487 1333 1487 1336 1487 1371 1482 1444 1467 1458 1482 1461 1482 1461 1485 1464 1485 1467 1485 1555 1487 1558 1487 1561 1487 1578 1482 1625 1467 1660 1482 1672 1487 1675 1487 1678 1487 1681 1487 1692 1485 1739 1464 2023 1467 2055 1485 2064 1455 2061 1394 2011 1379 2008 1379 2005 1379 2002 1379 1999 1379 1973 1394 1970 1397 1953 1394 1859 1382 1856 1382 1853 1382 1812 1394 1801 1397 1786 1394 1727 1379 1724 1379 1722 1379 1719 1379 1716 1379 1698 1394 1681 1409 1578 1409 1543 1391 1517 1382 1514 1382 1511 1382 1508 1382 1476 1391 1450 1400 1423 1391 1397 1382 1394 1382 1391 1382 1388 1382 1362 1391 1324 1406 1309 1391 1301 1385 1301 1382 1298 1382 1295 1382 1160 1382 1157 1382 1154 1382 1151 1382 1140 1391 1111 1409 923 1409 874 1388 859 1382 856 1382"/></Shape>
	    <String CONTENT="de prendre soin du nommé Jean Baptiste son fils naturel"
                    HPOS="421"
                    VPOS="1379"
                    WIDTH="1643"
                    HEIGHT="111"></String>
          </TextLine>

          
          
          <TextLine ID="eSc_line_b25e517a"
                    TAGREFS="LT777"
                    BASELINE="429 1543 1181 1525 2096 1531" 
                    HPOS="426"
                    VPOS="1461"
                    WIDTH="1670"
                    HEIGHT="105">
            <Shape><Polygon POINTS="429 1543 429 1552 926 1566 929 1566 932 1566 979 1552 1002 1543 1187 1549 1420 1558 1423 1558 1426 1558 1467 1549 1496 1540 1505 1549 1517 1558 1517 1561 1520 1561 1523 1561 1526 1561 1529 1561 1575 1546 1590 1543 1596 1546 1616 1561 1619 1561 1622 1561 1625 1561 1628 1561 1631 1561 1651 1546 1657 1546 1707 1561 1710 1561 1713 1561 1716 1561 1748 1546 1762 1540 1792 1546 1850 1558 1853 1558 2093 1543 2096 1531 2093 1461 1953 1461 1950 1461 1947 1461 1944 1461 1906 1479 1806 1464 1795 1464 1792 1464 1789 1464 1786 1464 1751 1479 1739 1467 1736 1464 1736 1461 1733 1461 1730 1461 1727 1461 1724 1461 1701 1467 1663 1476 1637 1467 1616 1461 1613 1461 1610 1461 1494 1470 1417 1476 1382 1473 1315 1464 1312 1464 1309 1464 1306 1464 1295 1473 1280 1482 1122 1476 830 1467 827 1467 824 1467 774 1482 766 1487 669 1487 666 1485 631 1467 628 1467 625 1467 622 1467 581 1485 535 1470 532 1470 529 1470 426 1487 429 1543"/></Shape>
	    <String CONTENT="et de l&#39;elever et Soigner convenablement en santé et maladie"
                    HPOS="426"
                    VPOS="1461"
                    WIDTH="1670"
                    HEIGHT="105"></String>
          </TextLine>

          
          
          <TextLine ID="eSc_line_57b278c5"
                    TAGREFS="LT777"
                    BASELINE="429 1616 1894 1593" 
                    HPOS="426"
                    VPOS="1531"
                    WIDTH="1468"
                    HEIGHT="111">
            <Shape><Polygon POINTS="1801 1531 1771 1531 1742 1531 1713 1531 1692 1531 1517 1549 1508 1552 1456 1552 1353 1552 1312 1531 1309 1531 1306 1531 1303 1531 1239 1549 1175 1531 1172 1531 1169 1531 935 1537 932 1537 929 1537 906 1558 903 1558 885 1558 681 1546 678 1546 675 1546 616 1561 602 1563 584 1561 461 1543 459 1543 456 1543 453 1543 426 1558 429 1616 429 1628 593 1642 596 1642 599 1642 602 1642 622 1625 625 1625 742 1625 1844 1625 1844 1622 1847 1622 1894 1601 1894 1593 1888 1546 1824 1531 1801 1531"/></Shape>
	    <String CONTENT="le loger, vetir et entretenir et Eduquer selon son Etat."
                    HPOS="426"
                    VPOS="1531"
                    WIDTH="1468"
                    HEIGHT="111"></String>
          </TextLine>

          
          
          <TextLine ID="eSc_line_9479a4b6"
                    TAGREFS="LT777"
                    BASELINE="505 1686 2102 1666" 
                    HPOS="502"
                    VPOS="1593"
                    WIDTH="1600"
                    HEIGHT="120">
            <Shape><Polygon POINTS="1526 1601 1511 1601 1488 1622 1280 1622 1263 1607 1260 1607 1257 1607 1254 1607 1166 1625 994 1607 970 1610 941 1610 935 1610 894 1625 824 1610 824 1610 795 1610 766 1613 736 1613 707 1613 678 1613 649 1613 619 1613 590 1616 561 1616 546 1616 502 1634 505 1686 505 1695 728 1713 730 1713 733 1713 736 1713 763 1695 777 1695 956 1710 958 1710 961 1710 1005 1695 1011 1692 1157 1692 1160 1692 1178 1707 1181 1707 1184 1707 1187 1707 1274 1692 1298 1689 1321 1692 1388 1704 1391 1704 1479 1692 1520 1686 2099 1686 2102 1666 2096 1616 1985 1593 1982 1593 1865 1616 1540 1599 1526 1601"/></Shape>
	    <String CONTENT="Troisiemement donne et legue tous ses dits Biens au dit"
                    HPOS="502"
                    VPOS="1593"
                    WIDTH="1600"
                    HEIGHT="120"></String>
          </TextLine>

          
          
          <TextLine ID="eSc_line_331bff4a"
                    TAGREFS="LT777"
                    BASELINE="423 1762 1187 1745 2090 1751" 
                    HPOS="421"
                    VPOS="1675"
                    WIDTH="1669"
                    HEIGHT="111">
            <Shape><Polygon POINTS="1496 1675 1494 1675 1429 1698 1426 1701 1423 1698 1388 1677 1385 1677 1382 1677 1379 1677 1236 1701 1222 1701 1207 1701 1023 1680 1005 1680 991 1680 967 1701 909 1683 888 1683 877 1683 815 1695 801 1683 801 1683 774 1683 701 1704 689 1707 497 1707 494 1704 473 1683 473 1680 470 1680 467 1680 464 1680 461 1680 421 1698 423 1762 423 1786 675 1765 704 1783 707 1783 710 1783 713 1786 891 1786 891 1783 894 1783 897 1783 897 1780 912 1768 958 1780 961 1780 964 1780 967 1780 1008 1762 1043 1780 1046 1780 1049 1780 1052 1780 1055 1780 1058 1780 1122 1762 1213 1777 1219 1777 1222 1777 1233 1777 1429 1759 1482 1774 1485 1774 1488 1774 1491 1774 1499 1774 1584 1759 1599 1774 1602 1774 1602 1777 1605 1777 1608 1777 1610 1777 1613 1777 1631 1771 1672 1759 1698 1771 1713 1777 1716 1777 1719 1777 1722 1777 1724 1777 1730 1771 1745 1762 1806 1771 1868 1777 1871 1777 1874 1777 1877 1777 1885 1768 1894 1765 1900 1768 1909 1777 1912 1777 1915 1777 1917 1777 1920 1777 1955 1768 1993 1759 2084 1765 2090 1751 2087 1698 1499 1675 1496 1675"/></Shape>
	    <String CONTENT="Jean Baptiste son fils pour par lui en Joüir faire et disposer"
                    HPOS="421"
                    VPOS="1675"
                    WIDTH="1669"
                    HEIGHT="111"></String>
          </TextLine>

          
          
          <TextLine ID="eSc_line_20d1db38"
                    TAGREFS="LT777"
                    BASELINE="429 1838 1023 1821 2107 1821" 
                    HPOS="426"
                    VPOS="1754"
                    WIDTH="1681"
                    HEIGHT="105">
            <Shape><Polygon POINTS="429 1838 429 1859 920 1835 1029 1853 1032 1853 1219 1835 1277 1853 1280 1853 1283 1853 1286 1853 1333 1832 1511 1850 1514 1850 1517 1850 1564 1832 1651 1850 1654 1850 1751 1832 2102 1847 2107 1821 2105 1777 1771 1754 1768 1754 1765 1754 1710 1777 1388 1756 1385 1756 1382 1756 1379 1756 1359 1777 958 1780 938 1762 938 1759 935 1759 932 1759 856 1759 853 1759 850 1759 847 1759 812 1786 637 1786 616 1765 616 1762 613 1762 611 1762 555 1762 552 1762 549 1762 546 1762 546 1765 529 1783 426 1786 429 1838"/></Shape>
	    <String CONTENT="en toute proprieté au moyen des présentes à compter du Jour"
                    HPOS="426"
                    VPOS="1754"
                    WIDTH="1681"
                    HEIGHT="105"></String>
          </TextLine>

          
          
          <TextLine ID="eSc_line_a6760298"
                    TAGREFS="LT777"
                    BASELINE="432 1911 1099 1897 2069 1903" 
                    HPOS="429"
                    VPOS="1824"
                    WIDTH="1640"
                    HEIGHT="111">
            <Shape><Polygon POINTS="1774 1824 1771 1824 1768 1824 1768 1827 1745 1844 1745 1847 1686 1847 1684 1844 1643 1824 1640 1824 1637 1824 1634 1824 1631 1824 1602 1844 1602 1847 1590 1847 1532 1847 1511 1827 1511 1824 1508 1824 1505 1824 1482 1824 1453 1824 1450 1824 1447 1824 1292 1847 1283 1850 1108 1850 935 1850 915 1830 912 1830 909 1830 824 1827 809 1830 780 1830 751 1830 722 1832 716 1832 613 1847 570 1835 546 1835 517 1838 511 1838 502 1847 476 1838 459 1838 453 1838 429 1847 432 1911 432 1935 631 1917 757 1932 766 1932 768 1932 771 1932 774 1932 833 1914 1049 1914 1064 1926 1064 1929 1067 1929 1070 1929 1073 1932 1073 1929 1075 1929 1078 1929 1078 1926 1093 1914 1306 1914 1318 1926 1324 1929 1324 1932 1327 1932 1330 1932 1333 1932 1377 1923 1450 1911 1692 1911 1710 1920 1716 1926 1719 1926 1722 1926 1724 1926 1727 1926 1745 1920 1768 1911 1780 1920 1795 1929 1798 1929 1801 1929 1803 1929 1806 1929 1836 1917 1859 1911 1903 1917 1979 1929 1982 1929 2067 1914 2069 1903 2067 1844 1777 1824 1774 1824"/></Shape>
	    <String CONTENT="du décès du dit Riou nommant et Jnstituant à cet Effet le dit"
                    HPOS="429"
                    VPOS="1824"
                    WIDTH="1640"
                    HEIGHT="111"></String>
          </TextLine>

          
          
          <TextLine ID="eSc_line_228db1d7"
                    TAGREFS="LT777"
                    BASELINE="423 1987 1336 1964 2099 1973" 
                    HPOS="421"
                    VPOS="1906"
                    WIDTH="1678"
                    HEIGHT="111">
            <Shape><Polygon POINTS="423 1987 423 2014 605 1993 625 2011 625 2014 628 2014 631 2014 634 2017 681 2017 681 2014 684 2014 692 2011 742 1990 809 2008 821 2011 824 2011 827 2011 853 2008 926 1996 961 2005 979 2011 982 2011 985 2011 988 2011 991 2011 996 2005 1029 1984 1166 1984 1184 1999 1184 2002 1187 2002 1189 2002 1192 2002 1195 2002 1198 2002 1271 1982 1400 1982 1429 1996 1429 1999 1432 1999 1435 1999 1438 1999 1441 1999 1444 1999 1444 1996 1470 1982 1622 1993 1692 1999 1695 1999 1733 1993 1771 1984 1780 1990 1792 2002 1795 2002 1798 2002 1801 2002 2099 1984 2099 1973 2093 1923 1648 1923 1599 1908 1596 1908 1593 1908 1523 1923 1441 1906 1438 1906 1435 1906 1385 1926 1268 1906 1265 1906 1073 1908 1070 1908 1067 1908 1052 1923 1037 1911 1034 1911 1032 1911 1029 1911 1026 1911 964 1932 763 1914 760 1914 497 1935 473 1917 470 1917 467 1917 464 1917 461 1917 421 1935 423 1987"/></Shape>
	    <String CONTENT="Jean Baptiste pour son légataire universel à sa charge par"
                    HPOS="421"
                    VPOS="1906"
                    WIDTH="1678"
                    HEIGHT="111"></String>
          </TextLine>

          
          
          <TextLine ID="eSc_line_8ac9a1da"
                    TAGREFS="LT777"
                    BASELINE="423 2055 1701 2022" 
                    HPOS="421"
                    VPOS="1967"
                    WIDTH="1280"
                    HEIGHT="108">
            <Shape><Polygon POINTS="1415 1967 1385 1967 1356 1967 1336 1967 1292 1982 1245 1967 1242 1967 1239 1967 1233 1967 1233 1970 1213 1987 1163 1970 1160 1970 1157 1970 1154 1970 1113 1987 1014 1973 1011 1973 1008 1973 958 1993 871 1982 868 1982 865 1982 830 1996 818 1984 818 1982 815 1982 812 1982 809 1982 649 2002 543 1984 540 1984 537 1984 535 1984 535 1987 532 1987 517 2008 421 2008 423 2055 423 2075 1701 2037 1701 2022 1695 1979 1417 1967 1415 1967"/></Shape>
	    <String CONTENT="lui de laisser joüir le dit Riou du dit usufruit."
                    HPOS="421"
                    VPOS="1967"
                    WIDTH="1280"
                    HEIGHT="108"></String>
          </TextLine>

          
          
          <TextLine ID="eSc_line_d5a138f3"
                    TAGREFS="LT777"
                    BASELINE="502 2125 1283 2098 2040 2098" 
                    HPOS="499"
                    VPOS="2025"
                    WIDTH="1541"
                    HEIGHT="126">
            <Shape><Polygon POINTS="1201 2037 1198 2037 1195 2037 1178 2052 1175 2052 1149 2052 891 2043 880 2046 850 2046 824 2046 801 2058 792 2060 768 2058 698 2049 675 2049 666 2049 657 2060 654 2063 499 2063 502 2125 502 2151 742 2131 783 2145 786 2145 789 2145 792 2145 795 2145 798 2145 839 2125 871 2139 874 2139 877 2139 1011 2122 1096 2136 1119 2139 1122 2139 1146 2136 1225 2116 1456 2116 1470 2128 1473 2131 1476 2131 1479 2131 1482 2131 1485 2131 1488 2131 1494 2125 1511 2113 1581 2125 1613 2128 1616 2128 1619 2128 1640 2122 1684 2110 1710 2119 1730 2128 1733 2128 1736 2128 2037 2110 2040 2098 2037 2040 1912 2025 1909 2025 1906 2025 1850 2040 1841 2046 1572 2046 1567 2046 1517 2031 1514 2031 1511 2031 1508 2031 1444 2049 1435 2049 1406 2049 1204 2037 1201 2037"/></Shape>
	    <String CONTENT="quatriemement déclare la ditte testatrice désigner par le présent"
                    HPOS="499"
                    VPOS="2025"
                    WIDTH="1541"
                    HEIGHT="126"></String>
          </TextLine>

          
          
          <TextLine ID="eSc_line_fc80d9c5"
                    TAGREFS="LT777"
                    BASELINE="444 2198 1359 2160 2102 2163" 
                    HPOS="441"
                    VPOS="2101"
                    WIDTH="1661"
                    HEIGHT="123">
            <Shape><Polygon POINTS="1727 2101 1713 2101 1701 2113 1608 2101 1581 2101 1552 2101 1523 2101 1494 2101 1464 2101 1435 2101 1406 2101 1379 2101 1377 2101 1374 2101 1350 2119 1140 2113 1137 2113 1134 2113 1105 2128 1023 2110 1020 2110 1017 2110 982 2131 944 2110 941 2110 938 2110 909 2113 880 2113 850 2113 821 2116 804 2116 783 2131 654 2119 646 2122 616 2122 587 2125 584 2125 441 2142 444 2198 444 2201 564 2224 567 2224 570 2224 573 2224 573 2221 596 2201 634 2198 689 2195 698 2198 725 2207 728 2207 730 2207 733 2207 774 2195 792 2192 804 2195 850 2215 853 2215 856 2215 859 2215 915 2195 929 2189 950 2192 1017 2207 1020 2207 1023 2207 1052 2192 1070 2183 1119 2183 1131 2189 1157 2210 1160 2210 1163 2210 1166 2210 1169 2210 1172 2210 1172 2207 1192 2189 1204 2180 1257 2189 1292 2192 1295 2192 1298 2192 1301 2192 1306 2186 1324 2177 1461 2183 1520 2186 1523 2186 1526 2186 1540 2183 1590 2172 1672 2180 1803 2195 1806 2195 1809 2195 1839 2180 1932 2192 1935 2192 2102 2172 2102 2163 2096 2107 1786 2113 1780 2113 1739 2101 1727 2101"/></Shape>
	    <String CONTENT="pour tuteur des on fils la personne du dit Cit. Rion aux soins"
                    HPOS="441"
                    VPOS="2101"
                    WIDTH="1661"
                    HEIGHT="123"></String>
          </TextLine>

          
          
          <TextLine ID="eSc_line_f35b36b9"
                    TAGREFS="LT777"
                    BASELINE="415 2259 1593 2218" 
                    HPOS="412"
                    VPOS="2163"
                    WIDTH="1181"
                    HEIGHT="117">
            <Shape><Polygon POINTS="1464 2163 1435 2163 1406 2163 1377 2163 1347 2163 1318 2163 1309 2163 1131 2177 958 2189 918 2180 912 2177 909 2180 880 2180 868 2180 859 2192 833 2183 821 2183 792 2186 763 2186 733 2186 704 2189 675 2189 646 2192 616 2192 587 2192 578 2192 535 2204 470 2198 470 2198 441 2198 438 2195 412 2192 415 2259 415 2274 733 2280 736 2280 739 2280 742 2280 742 2277 760 2262 760 2259 847 2259 853 2259 912 2274 915 2274 918 2274 1040 2253 1251 2262 1254 2262 1257 2262 1301 2245 1461 2253 1464 2253 1593 2230 1593 2218 1587 2169 1485 2163 1464 2163"/></Shape>
	    <String CONTENT="du quel elle se repose pour élever son dit fils"
                    HPOS="412"
                    VPOS="2163"
                    WIDTH="1181"
                    HEIGHT="117"></String>
          </TextLine>

          
          
          <TextLine ID="eSc_line_ebb67e37"
                    TAGREFS="LT777"
                    BASELINE="508 2321 1485 2291 2110 2297" 
                    HPOS="505"
                    VPOS="2221"
                    WIDTH="1605"
                    HEIGHT="129">
            <Shape><Polygon POINTS="1485 2224 1482 2224 1479 2224 1476 2224 1447 2242 1350 2227 1339 2227 1257 2250 1245 2253 1198 2253 1096 2250 1081 2236 1061 2239 1058 2239 1037 2256 1017 2239 1002 2242 996 2242 973 2259 970 2259 961 2259 874 2245 856 2245 827 2248 798 2248 783 2248 505 2268 508 2321 508 2350 628 2350 628 2347 631 2347 634 2347 634 2344 649 2332 687 2344 689 2344 692 2344 695 2344 698 2344 722 2329 736 2341 736 2344 739 2344 742 2344 745 2347 821 2347 821 2344 824 2344 830 2341 874 2321 909 2338 912 2338 915 2338 918 2338 920 2338 944 2321 967 2338 967 2341 970 2341 973 2341 976 2341 979 2341 985 2338 1032 2315 1140 2315 1195 2315 1222 2335 1225 2335 1227 2335 1230 2335 1233 2335 1239 2332 1301 2312 1382 2312 1412 2329 1415 2332 1417 2332 1420 2332 1423 2332 1426 2332 1429 2332 1432 2329 1461 2312 1616 2306 1684 2306 1710 2324 1710 2326 1713 2326 1716 2326 1719 2326 1722 2326 1730 2324 1774 2309 1812 2324 1818 2324 1821 2324 1824 2324 2110 2315 2110 2297 2105 2233 1909 2242 1897 2236 1885 2227 1882 2227 1879 2227 1877 2227 1874 2227 1871 2227 1856 2239 1847 2242 1806 2239 1613 2221 1610 2221 1608 2221 1546 2239 1488 2224 1485 2224"/></Shape>
	    <String CONTENT="Cinquiemement pour exécuter le présent son testament la testatrice"
                    HPOS="505"
                    VPOS="2221"
                    WIDTH="1605"
                    HEIGHT="129"></String>
          </TextLine>

          
          
          <TextLine ID="eSc_line_27ad936b"
                    TAGREFS="LT777"
                    BASELINE="435 2397 1336 2364 2107 2370" 
                    HPOS="432"
                    VPOS="2297"
                    WIDTH="1675"
                    HEIGHT="123">
            <Shape><Polygon POINTS="2040 2297 2011 2297 1988 2297 1929 2315 1923 2315 1917 2315 1841 2300 1839 2300 1713 2318 1710 2318 1681 2300 1678 2300 1675 2300 1672 2300 1669 2300 1640 2315 1596 2297 1593 2297 1590 2297 1423 2312 1274 2300 1271 2300 1268 2300 1265 2300 1227 2326 1154 2312 1151 2312 1149 2312 1078 2329 1002 2306 988 2309 982 2309 935 2326 903 2312 900 2312 897 2312 894 2312 824 2332 728 2315 725 2315 695 2315 672 2338 432 2341 435 2397 435 2420 689 2402 926 2411 929 2411 932 2411 935 2411 935 2408 956 2388 996 2400 999 2400 1002 2400 1111 2385 2102 2391 2107 2370 2105 2309 2055 2297 2040 2297"/></Shape>
	    <String CONTENT="à nommé et choisi la personne du Cit. Béranger qu&#39;elle prie d&#39;en"
                    HPOS="432"
                    VPOS="2297"
                    WIDTH="1675"
                    HEIGHT="123"></String>
          </TextLine>

          
          
          <TextLine ID="eSc_line_ea9bcdfc"
                    TAGREFS="LT777"
                    BASELINE="438 2467 1251 2429 2110 2435" 
                    HPOS="435"
                    VPOS="2370"
                    WIDTH="1675"
                    HEIGHT="120">
            <Shape><Polygon POINTS="1166 2373 1137 2373 1108 2373 1078 2376 1049 2376 1034 2391 994 2376 991 2379 961 2379 958 2379 941 2397 780 2385 757 2388 728 2388 707 2388 657 2402 605 2391 581 2394 552 2394 546 2394 532 2408 435 2408 438 2467 441 2490 494 2473 529 2490 532 2490 535 2490 537 2490 751 2487 754 2487 757 2487 763 2481 804 2458 877 2470 880 2470 882 2470 912 2455 950 2478 953 2478 956 2478 958 2478 961 2478 964 2478 994 2452 1417 2446 1470 2464 1496 2473 1499 2473 1502 2473 1552 2461 1605 2449 1616 2461 1625 2467 1625 2470 1628 2470 1631 2470 1634 2470 2110 2446 2110 2435 2107 2379 1184 2370 1166 2373"/></Shape>
	    <String CONTENT="prendre la peine se dessaisissant à cet effet en ses maiuns de"
                    HPOS="435"
                    VPOS="2370"
                    WIDTH="1675"
                    HEIGHT="120"></String>
          </TextLine>

          
          
          <TextLine ID="eSc_line_17dc9ee2"
                    TAGREFS="LT777"
                    BASELINE="435 2537 1417 2493" 
                    HPOS="432"
                    VPOS="2440"
                    WIDTH="985"
                    HEIGHT="123">
            <Shape><Polygon POINTS="435 2537 435 2563 698 2537 906 2543 909 2543 912 2543 956 2525 991 2543 994 2543 996 2543 999 2543 1002 2543 1023 2525 1417 2525 1417 2493 1409 2440 432 2473 435 2537"/></Shape>
	    <String CONTENT="tous sens bienes Suivant la Contume."
                    HPOS="432"
                    VPOS="2440"
                    WIDTH="985"
                    HEIGHT="123"></String>
          </TextLine>

          
          
          <TextLine ID="eSc_line_99800d9e"
                    TAGREFS="LT777"
                    BASELINE="505 2610 1216 2578 2107 2578" 
                    HPOS="502"
                    VPOS="2499"
                    WIDTH="1605"
                    HEIGHT="134">
            <Shape><Polygon POINTS="932 2516 929 2516 926 2516 900 2534 844 2519 833 2519 833 2522 830 2522 818 2537 763 2525 760 2525 593 2540 570 2531 561 2534 532 2534 520 2534 502 2543 505 2610 505 2633 736 2613 882 2625 891 2625 894 2625 897 2625 900 2625 900 2622 918 2607 991 2616 994 2616 1064 2601 1154 2613 1157 2613 1160 2613 1192 2595 1441 2595 1473 2610 1485 2616 1488 2616 1491 2616 1494 2616 1496 2616 1502 2610 1529 2592 1628 2607 1643 2607 1646 2607 1660 2604 1727 2590 1783 2601 1821 2610 1824 2610 2107 2592 2107 2578 2105 2516 2005 2499 2002 2499 1999 2499 1935 2516 1882 2499 1879 2499 1877 2499 1765 2519 1666 2502 1663 2502 1660 2502 1590 2522 1496 2508 1494 2508 1379 2525 1353 2508 1350 2508 1347 2508 1344 2508 1341 2508 1265 2528 1201 2511 1198 2511 1195 2511 1192 2511 1189 2511 1163 2531 1081 2514 1078 2514 1075 2514 1073 2514 1043 2531 935 2516 932 2516"/></Shape>
	    <String CONTENT="Ce fut ainsi fait et dicté mot à mot par la ditte testatrice"
                    HPOS="502"
                    VPOS="2499"
                    WIDTH="1605"
                    HEIGHT="134"></String>
          </TextLine>

          
          
          <TextLine ID="eSc_line_b227287d"
                    TAGREFS="LT777"
                    BASELINE="435 2686 1312 2651 2110 2654" 
                    HPOS="432"
                    VPOS="2581"
                    WIDTH="1678"
                    HEIGHT="123">
            <Shape><Polygon POINTS="1953 2581 1923 2581 1897 2581 1853 2601 1850 2601 1836 2601 1727 2590 1724 2590 1722 2590 1686 2601 1684 2604 1654 2581 1651 2581 1648 2581 1631 2581 1602 2581 1572 2581 1564 2581 1485 2595 1456 2581 1453 2581 1450 2581 1198 2587 1195 2587 1143 2604 906 2592 903 2592 900 2592 894 2592 862 2613 847 2622 432 2622 435 2686 435 2701 716 2704 719 2704 798 2698 961 2680 988 2695 996 2698 999 2698 1002 2698 1090 2695 1108 2692 1178 2674 1204 2689 1207 2692 1210 2692 1213 2692 1216 2692 1219 2692 1222 2692 1222 2689 1245 2671 1593 2666 2107 2674 2110 2654 2105 2598 2014 2598 2008 2598 1953 2581 1953 2581"/></Shape>
	    <String CONTENT="à Jean Belin notaire public résident en cette ville en présence"
                    HPOS="432"
                    VPOS="2581"
                    WIDTH="1678"
                    HEIGHT="123"></String>
          </TextLine>

          
          
          <TextLine ID="eSc_line_a684f590"
                    TAGREFS="LT777"
                    BASELINE="435 2759 1166 2730 2146 2733" 
                    HPOS="432"
                    VPOS="2657"
                    WIDTH="1714"
                    HEIGHT="114">
            <Shape><Polygon POINTS="918 2669 877 2689 868 2689 719 2677 695 2677 669 2677 649 2692 625 2680 608 2680 596 2680 584 2695 491 2695 482 2686 461 2686 447 2686 432 2692 435 2759 435 2771 2113 2747 2146 2733 2146 2658 1803 2674 1798 2671 1777 2657 1774 2657 1771 2657 1646 2657 1643 2657 1640 2657 1602 2671 1558 2657 1555 2657 1552 2657 1385 2680 1374 2680 1362 2680 1108 2663 1105 2663 1102 2663 1099 2663 1078 2683 999 2683 941 2666 929 2669"/></Shape>
	    <String CONTENT="et assisté de Jean Baptiste Riviere méchanicien et Denis Malherbes"
                    HPOS="432"
                    VPOS="2657"
                    WIDTH="1714"
                    HEIGHT="114"></String>
          </TextLine>

          
          
          <TextLine ID="eSc_line_365179e5"
                    TAGREFS="LT777"
                    BASELINE="444 2821 1222 2791 2105 2785" 
                    HPOS="441"
                    VPOS="2733"
                    WIDTH="1664"
                    HEIGHT="111">
            <Shape><Polygon POINTS="2078 2733 2049 2733 2020 2733 1991 2733 1961 2733 1932 2733 1903 2733 1874 2733 1844 2733 1815 2733 1786 2733 1757 2733 1727 2733 1698 2733 1669 2733 1640 2733 1610 2733 1581 2733 1552 2733 1523 2733 1494 2733 1464 2733 1435 2733 1406 2733 1377 2733 1347 2733 1318 2733 1289 2733 1260 2733 1230 2733 1201 2733 1175 2733 1157 2747 1131 2736 1128 2736 1125 2736 1017 2750 1014 2750 929 2742 909 2742 880 2742 853 2742 842 2753 795 2745 792 2747 763 2747 733 2747 704 2750 701 2750 687 2759 441 2762 444 2821 444 2844 730 2838 733 2838 771 2821 853 2835 856 2835 1037 2809 1213 2809 1239 2826 1242 2826 1245 2826 1248 2826 1251 2826 1292 2806 1456 2803 1514 2821 1517 2821 1520 2821 1660 2803 2102 2809 2105 2785 2099 2733 2078 2733"/></Shape>
	    <String CONTENT="orfevre tous deux demeurants separément en cette Ville du Port"
                    HPOS="441"
                    VPOS="2733"
                    WIDTH="1664"
                    HEIGHT="111"></String>
          </TextLine>

          
          
          <TextLine ID="eSc_line_cb96aabe"
                    TAGREFS="LT777"
                    BASELINE="438 2891 1248 2856 2116 2859" 
                    HPOS="435"
                    VPOS="2788"
                    WIDTH="1681"
                    HEIGHT="123">
            <Shape><Polygon POINTS="2043 2788 2014 2788 1985 2788 1912 2797 1894 2788 1868 2788 1850 2788 1827 2803 1789 2788 1780 2788 1751 2788 1707 2806 1684 2791 1681 2791 1678 2791 1675 2791 1532 2809 1479 2791 1458 2791 1456 2791 1432 2809 1394 2797 1391 2797 1388 2797 1385 2797 1341 2812 1280 2791 1277 2791 1274 2791 1213 2791 1195 2794 1166 2794 1137 2797 1108 2797 1102 2797 1067 2815 973 2800 961 2803 932 2803 903 2806 888 2806 809 2821 777 2809 757 2809 728 2809 716 2821 687 2812 669 2815 640 2815 637 2815 625 2826 435 2829 438 2891 438 2911 809 2885 882 2885 900 2899 900 2902 903 2902 906 2902 909 2902 912 2902 918 2902 994 2882 1090 2894 1093 2894 1233 2876 1303 2876 1321 2891 1321 2894 1324 2894 1327 2894 1330 2894 1409 2891 1412 2891 1415 2891 1435 2873 1552 2873 1570 2888 1572 2888 1575 2888 1578 2888 1581 2888 1590 2888 1651 2870 1707 2885 1713 2885 1716 2885 1719 2885 1722 2885 1730 2882 1789 2867 1806 2882 1809 2885 1812 2885 1815 2885 1818 2885 1821 2885 1839 2882 1894 2867 2110 2873 2116 2859 2113 2800 2061 2788 2043 2788"/></Shape>
	    <String CONTENT="nord ouest Paroisse S^t Louis témoins exprès requis et appellés à la"
                    HPOS="435"
                    VPOS="2788"
                    WIDTH="1681"
                    HEIGHT="123"></String>
          </TextLine>

          
          
          <TextLine ID="eSc_line_67e7dc82"
                    TAGREFS="LT777"
                    BASELINE="441 2958 1172 2926 2107 2929" 
                    HPOS="438"
                    VPOS="2859"
                    WIDTH="1669"
                    HEIGHT="119">
            <Shape><Polygon POINTS="1900 2859 1871 2859 1862 2859 1850 2870 1768 2859 1754 2859 1736 2859 1704 2873 1648 2859 1637 2859 1628 2859 1608 2876 1473 2859 1470 2859 1341 2879 1324 2864 1324 2861 1321 2861 1318 2861 1230 2861 1227 2861 979 2885 880 2873 877 2873 847 2873 818 2876 815 2876 804 2888 768 2876 760 2879 730 2879 701 2882 672 2882 643 2882 613 2885 584 2885 555 2888 535 2888 438 2894 441 2958 441 2978 637 2978 637 2975 640 2975 651 2973 698 2955 748 2970 760 2973 763 2973 766 2973 768 2973 786 2970 862 2946 1149 2946 1175 2958 1181 2961 1184 2961 1187 2961 1210 2958 1298 2943 1324 2955 1344 2964 1347 2964 1350 2964 1409 2952 1461 2943 1499 2952 1549 2961 1552 2961 1555 2961 1558 2961 1575 2949 1587 2940 1654 2946 1762 2958 1765 2958 1768 2958 1815 2943 1836 2937 1877 2940 1973 2952 1976 2952 2107 2935 2107 2929 2102 2870 1944 2870 1903 2859 1900 2859"/></Shape>
	    <String CONTENT="requisition de la ditte testatrice à la quelle le présent son testament"
                    HPOS="438"
                    VPOS="2859"
                    WIDTH="1669"
                    HEIGHT="119"></String>
          </TextLine>

          
          
          <TextLine ID="eSc_line_37ef2a9b"
                    TAGREFS="LT777"
                    BASELINE="441 3022 1242 2996 2138 3001" 
                    HPOS="435"
                    VPOS="2932"
                    WIDTH="1702"
                    HEIGHT="108">
            <Shape><Polygon POINTS="581 2949 552 2952 529 2952 435 2970 438 3019 438 3040 1511 3011 2134 3022 2137 2999 2131 2935 1713 2955 1681 2943 1651 2932 1648 2932 1555 2932 1552 2932 1549 2932 1505 2946 1473 2958 1444 2949 1397 2935 1394 2935 1268 2935 1265 2935 1263 2935 1260 2935 1236 2952 1222 2961 1163 2955 1008 2937 1005 2937 1002 2937 956 2961 947 2967 839 2967 836 2961 821 2949 818 2949 815 2949 812 2949 649 2964 596 2949 581 2949"/></Shape>
	    <String CONTENT="a été lû et relu un mot après l&#39;autre par ledit Belin en présence"
                    HPOS="435"
                    VPOS="2932"
                    WIDTH="1702"
                    HEIGHT="108"></String>
          </TextLine>

          
          
          <TextLine ID="eSc_line_174d6110"
                    TAGREFS="LT777"
                    BASELINE="438 3084 1113 3057 2119 3066" 
                    HPOS="435"
                    VPOS="2999"
                    WIDTH="1684"
                    HEIGHT="102">
            <Shape><Polygon POINTS="1985 3005 1955 3005 1926 3005 1897 3005 1882 3005 1865 3013 1865 3016 1701 3016 1698 3016 1675 3002 1663 3002 1634 3002 1605 3002 1575 3002 1546 3002 1517 2999 1488 2999 1458 2999 1429 2999 1400 2999 1371 2999 1341 2999 1312 2999 1306 2999 1067 3016 1040 3005 1020 3005 991 3005 961 3008 932 3008 903 3008 874 3011 871 3011 847 3019 766 3013 757 3013 728 3013 698 3016 669 3016 640 3016 611 3019 581 3019 552 3019 523 3022 494 3022 473 3022 435 3022 438 3084 438 3092 742 3101 745 3101 783 3092 844 3078 991 3078 1008 3092 1008 3095 1011 3095 1014 3095 1017 3095 1020 3095 1023 3095 1023 3092 1046 3078 1324 3078 1341 3092 1341 3095 1344 3095 1347 3095 1350 3095 1353 3095 1359 3092 1397 3075 1499 3089 1502 3089 1616 3075 1643 3092 1643 3095 1646 3095 1648 3095 1651 3095 1654 3095 1663 3092 1707 3081 1836 3092 1871 3095 1874 3095 1912 3092 2078 3078 2113 3092 2119 3066 2116 3013 2011 3005 1985 3005"/></Shape>
	    <String CONTENT="des dits témoins Soussignés a déclaré bien L&#39;entendre qu&#39;elle y persiste"
                    HPOS="435"
                    VPOS="2999"
                    WIDTH="1684"
                    HEIGHT="102"></String>
          </TextLine>

          
          
          <TextLine ID="eSc_line_a632c19c"
                    TAGREFS="LT777"
                    BASELINE="438 3145 1081 3119 2116 3139" 
                    HPOS="435"
                    VPOS="3060"
                    WIDTH="1681"
                    HEIGHT="100">
            <Shape><Polygon POINTS="2107 3087 1818 3087 1818 3084 1798 3069 1795 3069 1792 3069 1789 3069 1722 3084 1719 3084 1651 3063 1634 3063 1605 3063 1599 3063 1514 3081 1491 3063 1488 3063 1458 3063 1429 3060 1400 3060 1374 3060 1356 3075 1336 3060 1312 3060 1283 3060 1274 3060 1122 3069 1108 3060 1108 3060 1078 3060 1064 3060 1014 3075 999 3063 991 3063 964 3063 935 3078 918 3066 903 3066 874 3069 844 3069 815 3069 806 3069 733 3084 497 3084 467 3084 438 3084 438 3145 435 3154 1093 3136 1254 3136 1271 3154 1271 3157 1274 3157 1277 3157 1280 3157 1453 3139 1517 3160 1520 3160 1523 3160 1526 3160 1584 3139 1625 3160 1628 3160 1631 3160 1637 3160 1789 3145 2110 3160 2116 3139 2113 3107 2107 3087"/></Shape>
	    <String CONTENT="et veut icelui être exécuté aussitôt son décès selon sa formes et tenences"
                    HPOS="435"
                    VPOS="3060"
                    WIDTH="1681"
                    HEIGHT="100"></String>
          </TextLine>

          
          
          <TextLine ID="eSc_line_afa970e0"
                    TAGREFS="LT777"
                    BASELINE="450 3209 967 3183 2087 3201" 
                    HPOS="447"
                    VPOS="3122"
                    WIDTH="1640"
                    HEIGHT="178">
            <Shape><Polygon POINTS="1821 3136 1792 3133 1762 3133 1760 3133 1745 3142 1730 3151 1643 3151 1634 3142 1622 3130 1616 3130 1587 3130 1558 3130 1537 3130 1520 3142 1508 3148 1491 3142 1453 3127 1441 3127 1412 3127 1382 3127 1353 3125 1324 3125 1295 3125 1265 3125 1236 3125 1207 3122 1178 3122 1149 3122 1119 3122 1090 3122 1061 3122 1032 3122 1002 3125 973 3125 944 3125 915 3127 891 3127 874 3142 871 3145 508 3145 476 3206 450 3206 450 3209 447 3294 511 3294 511 3291 514 3291 517 3291 552 3265 567 3277 570 3277 573 3277 575 3277 578 3277 581 3277 628 3241 651 3259 654 3259 657 3259 660 3259 663 3259 666 3259 701 3239 742 3239 780 3265 783 3265 786 3265 789 3265 792 3265 827 3250 894 3279 897 3279 900 3279 903 3279 906 3279 956 3239 1222 3239 1257 3271 1283 3291 1283 3294 1286 3294 1289 3294 1344 3297 1347 3297 1532 3279 1751 3297 1754 3297 1757 3297 1760 3297 1760 3294 1780 3279 1801 3294 1803 3294 1806 3294 1809 3294 1812 3294 1877 3262 1923 3297 1926 3297 1929 3297 1932 3300 1973 3300 1973 3297 1976 3297 2020 3274 2046 3279 2049 3279 2052 3279 2055 3279 2058 3279 2058 3277 2084 3247 2087 3201 2081 3142 1879 3148 1853 3142 1836 3136 1821 3136"/></Shape>
	    <String CONTENT="révoquant et annullant tous testament et codiciles qu&#39;elle peut"
                    HPOS="447"
                    VPOS="3122"
                    WIDTH="1640"
                    HEIGHT="178"></String>
          </TextLine>

          
        </TextBlock>
        
        <TextBlock HPOS="1666"
                   VPOS="10"
                   WIDTH="427"
                   HEIGHT="87"
                   ID="eSc_textblock_b3be3bf8"
                   TAGREFS="BT1933">
          <Shape><Polygon POINTS="1666 10 1670 97 2093 83 2093 10"/></Shape>
          
          
          <TextLine ID="eSc_line_a606a321"
                    TAGREFS="LT777"
                    BASELINE="1675 72 1760 72 2073 72" 
                    HPOS="1672"
                    VPOS="5"
                    WIDTH="400"
                    HEIGHT="120">
            <Shape><Polygon POINTS="1672 70 1672 108 1698 122 1701 122 1704 125 1789 125 1818 125 1847 125 1885 125 1885 122 1888 122 1891 122 1915 102 1923 96 2069 99 2072 70 2069 11 1897 23 1868 8 1868 5 1865 5 1862 5 1859 5 1856 5 1853 5 1853 8 1836 26 1765 26 1672 5 1672 70"/></Shape>
	    <String CONTENT="Cinquieme feuillet"
                    HPOS="1672"
                    VPOS="5"
                    WIDTH="400"
                    HEIGHT="120"></String>
          </TextLine>

          
        </TextBlock>
        
        <TextBlock HPOS="333"
                   VPOS="3291"
                   WIDTH="141"
                   HEIGHT="134"
                   ID="eSc_textblock_adc26392"
                   TAGREFS="BT1932">
          <Shape><Polygon POINTS="333 3291 337 3425 474 3425 470 3295"/></Shape>
          
          
          <TextLine ID="eSc_line_7d42ede4"
                    TAGREFS="LT777"
                    BASELINE="351 3379 452 3379" 
                    HPOS="350"
                    VPOS="3259"
                    WIDTH="100"
                    HEIGHT="152">
            <Shape><Polygon POINTS="350 3376 350 3411 450 3388 450 3376 447 3259 350 3277 350 3376"/></Shape>
	    <String CONTENT="10"
                    HPOS="350"
                    VPOS="3259"
                    WIDTH="100"
                    HEIGHT="152"></String>
          </TextLine>

          
        </TextBlock>
        
        <TextBlock HPOS="1774"
                   VPOS="98"
                   WIDTH="186"
                   HEIGHT="41"
                   ID="eSc_textblock_b0b10ac9"
                   TAGREFS="BT1935">
          <Shape><Polygon POINTS="1953 139 1960 98 1785 98 1774 139"/></Shape>
          
        </TextBlock>
        

        
      </PrintSpace>
    </Page>
  </Layout>
</alto>
