<?xml version="1.0" encoding="UTF-8"?>
<alto xmlns:xsi="http://www.w3.org/2001/XMLSchema-instance"
      xmlns="http://www.loc.gov/standards/alto/ns-v4#"
      xsi:schemaLocation="http://www.loc.gov/standards/alto/ns-v4# http://www.loc.gov/standards/alto/v4/alto-4-2.xsd">
  <Description>
    <MeasurementUnit>pixel</MeasurementUnit>
    <sourceImageInformation>
      <fileName>JK11_1__recadre1.pdf_page_9.png</fileName>
    </sourceImageInformation>
  </Description>
  <Tags>
    <OtherTag ID="BT7" LABEL="CustomZone" DESCRIPTION="block type CustomZone"/><OtherTag ID="BT8" LABEL="DamageZone" DESCRIPTION="block type DamageZone"/><OtherTag ID="BT9" LABEL="DigitizationArtefactZone" DESCRIPTION="block type DigitizationArtefactZone"/><OtherTag ID="BT10" LABEL="DropCapitalZone" DESCRIPTION="block type DropCapitalZone"/><OtherTag ID="BT11" LABEL="GraphicZone" DESCRIPTION="block type GraphicZone"/><OtherTag ID="BT12" LABEL="MainZone" DESCRIPTION="block type MainZone"/><OtherTag ID="BT13" LABEL="MarginTextZone" DESCRIPTION="block type MarginTextZone"/><OtherTag ID="BT14" LABEL="MusicZone" DESCRIPTION="block type MusicZone"/><OtherTag ID="BT15" LABEL="NumberingZone" DESCRIPTION="block type NumberingZone"/><OtherTag ID="BT17" LABEL="QuireMarksZone" DESCRIPTION="block type QuireMarksZone"/><OtherTag ID="BT18" LABEL="RunningTitleZone" DESCRIPTION="block type RunningTitleZone"/><OtherTag ID="BT19" LABEL="SealZone" DESCRIPTION="block type SealZone"/><OtherTag ID="BT20" LABEL="StampZone" DESCRIPTION="block type StampZone"/><OtherTag ID="BT21" LABEL="TableZone" DESCRIPTION="block type TableZone"/><OtherTag ID="BT22" LABEL="TitlePageZone" DESCRIPTION="block type TitlePageZone"/><OtherTag ID="BT55" LABEL="NumberingZone:folio" DESCRIPTION="block type NumberingZone:folio"/><OtherTag ID="BT56" LABEL="NumberingZone:page" DESCRIPTION="block type NumberingZone:page"/><OtherTag ID="BT57" LABEL="CustomZone:paraph" DESCRIPTION="block type CustomZone:paraph"/><OtherTag ID="BT58" LABEL="CustomZone:closer" DESCRIPTION="block type CustomZone:closer"/><OtherTag ID="BT59" LABEL="NumberingZone:document" DESCRIPTION="block type NumberingZone:document"/>
    <OtherTag ID="LT7" LABEL="CustomLine" DESCRIPTION="line type CustomLine"/><OtherTag ID="LT8" LABEL="DefaultLine" DESCRIPTION="line type DefaultLine"/><OtherTag ID="LT9" LABEL="DropCapitalLine" DESCRIPTION="line type DropCapitalLine"/><OtherTag ID="LT10" LABEL="HeadingLine" DESCRIPTION="line type HeadingLine"/><OtherTag ID="LT11" LABEL="InterlinearLine" DESCRIPTION="line type InterlinearLine"/><OtherTag ID="LT12" LABEL="MusicLine" DESCRIPTION="line type MusicLine"/>
  </Tags>
  <Layout>
    <Page WIDTH="2238"
          HEIGHT="3508"
          PHYSICAL_IMG_NR="6"
          ID="eSc_dummypage_">
      <PrintSpace HPOS="0"
                  VPOS="0"
                  WIDTH="2238"
                  HEIGHT="3508">
        <TextBlock HPOS="84"
                   VPOS="0"
                   WIDTH="469"
                   HEIGHT="413"
                   ID="eSc_textblock_cd903fd4"
                   TAGREFS="BT13">
          <Shape><Polygon POINTS="84 0 84 413 316 400 327 349 553 324 537 0"/></Shape>
          <TextLine ID="eSc_line_aa272fcb"
                    TAGREFS="LT8"
                    BASELINE="135 50 448 27" 
                    HPOS="128.0"
                    VPOS="0.0"
                    WIDTH="319.0"
                    HEIGHT="78.0">
            <Shape><Polygon POINTS="392 2 362 2 333 2 304 2 274 2 245 2 216 2 187 2 157 2 128 2 134 49 134 78 444 43 447 26 438 0 424 2"/></Shape>
	    <String CONTENT="25 7^bre 1790"
                    HPOS="128.0"
                    VPOS="0.0"
                    WIDTH="319.0"
                    HEIGHT="78.0"></String>
          </TextLine>
          <TextLine ID="eSc_line_adec5eec"
                    TAGREFS="LT8"
                    BASELINE="134 108 421 90" 
                    HPOS="128.0"
                    VPOS="40.0"
                    WIDTH="293.0"
                    HEIGHT="97.0">
            <Shape><Polygon POINTS="134 108 134 137 418 108 421 90 412 40 128 61 134 108"/></Shape>
	    <String CONTENT="30 mai 1794"
                    HPOS="128.0"
                    VPOS="40.0"
                    WIDTH="293.0"
                    HEIGHT="97.0"></String>
          </TextLine>
          <TextLine ID="eSc_line_383cc3d0"
                    TAGREFS="LT8"
                    BASELINE="102 166 348 157" 
                    HPOS="99.0"
                    VPOS="108.0"
                    WIDTH="249.0"
                    HEIGHT="76.0">
            <Shape><Polygon POINTS="102 166 102 184 348 169 348 157 339 108 99 114 102 166"/></Shape>
	    <String CONTENT="donnation pour"
                    HPOS="99.0"
                    VPOS="108.0"
                    WIDTH="249.0"
                    HEIGHT="76.0"></String>
          </TextLine>
          <TextLine ID="eSc_line_47880f7e"
                    TAGREFS="LT8"
                    BASELINE="93 239 549 201" 
                    HPOS="87.0"
                    VPOS="128.0"
                    WIDTH="462.0"
                    HEIGHT="143.0">
            <Shape><Polygon POINTS="535 128 348 152 348 157 318 160 289 160 87 184 93 239 93 271 234 271 236 271 292 251 339 233 394 236 438 239 441 239 444 239 447 239 447 236 450 236 453 230 459 222 549 216 549 201 541 131 535 128"/></Shape>
	    <String CONTENT="Marie Rose n^esse Libre"
                    HPOS="87.0"
                    VPOS="128.0"
                    WIDTH="462.0"
                    HEIGHT="143.0"></String>
          </TextLine>
          <TextLine ID="eSc_line_027b81e9"
                    TAGREFS="LT8"
                    BASELINE="96 333 506 304" 
                    HPOS="90.0"
                    VPOS="233.0"
                    WIDTH="416.0"
                    HEIGHT="126.0">
            <Shape><Polygon POINTS="96 333 96 353 187 342 213 347 248 359 251 359 254 359 383 350 386 350 389 350 412 333 427 324 503 324 506 304 500 245 453 233 450 233 447 233 394 254 383 257 368 254 289 242 286 242 283 242 280 242 260 263 213 268 187 271 184 271 149 257 146 257 143 257 140 257 90 274 96 333"/></Shape>
	    <String CONTENT="Rosalie Bengalie"
                    HPOS="90.0"
                    VPOS="233.0"
                    WIDTH="416.0"
                    HEIGHT="126.0"></String>
          </TextLine>
          <TextLine ID="eSc_line_e469bd05"
                    TAGREFS="LT8"
                    BASELINE="114 385 301 377" 
                    HPOS="111.0"
                    VPOS="324.0"
                    WIDTH="193.0"
                    HEIGHT="146.0">
            <Shape><Polygon POINTS="198 327 169 330 146 330 111 339 114 385 119 453 181 438 207 458 219 470 222 470 225 470 228 470 304 464 301 377 295 336 198 324 198 327"/></Shape>
	    <String CONTENT="affranchie"
                    HPOS="111.0"
                    VPOS="324.0"
                    WIDTH="193.0"
                    HEIGHT="146.0"></String>
          </TextLine>
        </TextBlock>
        <TextBlock HPOS="347"
                   VPOS="357"
                   WIDTH="211"
                   HEIGHT="196"
                   ID="eSc_textblock_ae8b419b"
                   TAGREFS="BT59">
          <Shape><Polygon POINTS="350 362 347 553 558 553 551 357"/></Shape>
          <TextLine ID="eSc_line_33005dff"
                    TAGREFS="LT8"
                    BASELINE="365 497 523 490" 
                    HPOS="353.0"
                    VPOS="350.0"
                    WIDTH="170.0"
                    HEIGHT="231.0">
            <Shape><Polygon POINTS="362 496 365 581 465 581 465 578 468 578 523 549 520 488 511 374 462 350 459 350 456 350 453 350 353 388 362 496"/></Shape>
	    <String CONTENT="10"
                    HPOS="353.0"
                    VPOS="350.0"
                    WIDTH="170.0"
                    HEIGHT="231.0"></String>
          </TextLine>
        </TextBlock>
        <TextBlock HPOS="559"
                   VPOS="55"
                   WIDTH="1672"
                   HEIGHT="3293"
                   ID="eSc_textblock_4976e73c"
                   TAGREFS="BT12">
          <Shape><Polygon POINTS="571 55 559 3348 2224 3335 2231 165 1862 166 1775 59"/></Shape>
          <TextLine ID="eSc_line_e3208e31"
                    TAGREFS="LT8"
                    BASELINE="1878 67 2214 52" 
                    HPOS="1875.0"
                    VPOS="2.0"
                    WIDTH="339.0"
                    HEIGHT="76.0">
            <Shape><Polygon POINTS="2197 8 2167 8 2138 8 2109 8 2080 5 2074 5 2068 8 2050 8 2021 5 2021 5 1992 2 1963 2 1933 2 1907 2 1898 2 1875 20 1878 67 1878 78 2214 67 2214 52 2208 20 2197 8"/></Shape>
	    <String CONTENT="huitieme feuillet"
                    HPOS="1875.0"
                    VPOS="2.0"
                    WIDTH="339.0"
                    HEIGHT="76.0"></String>
          </TextLine>
          <TextLine ID="eSc_line_91bd4ad3"
                    TAGREFS="LT8"
                    BASELINE="1974 125 2126 122" 
                    HPOS="1971.0"
                    VPOS="58.0"
                    WIDTH="155.0"
                    HEIGHT="102.0">
            <Shape><Polygon POINTS="2059 61 2030 61 2001 64 1977 64 1971 67 1974 125 1974 160 2126 149 2126 122 2120 67 2077 58 2059 61"/></Shape>
	    <String CONTENT=""
                    HPOS="1971.0"
                    VPOS="58.0"
                    WIDTH="155.0"
                    HEIGHT="102.0"></String>
          </TextLine>
          <TextLine ID="eSc_line_19ae4487"
                    TAGREFS="LT8"
                    BASELINE="628 222 1807 213 2197 230" 
                    HPOS="626.0"
                    VPOS="21.0"
                    WIDTH="1571.0"
                    HEIGHT="242.0">
            <Shape><Polygon POINTS="2088 137 2085 137 2082 137 2080 137 2077 137 2033 166 2033 169 1995 169 1995 166 1922 131 1919 131 1857 131 1854 131 1851 131 1848 131 1848 134 1819 160 1781 131 1778 131 1775 131 1553 131 1550 131 1547 131 1544 131 1544 134 1512 163 1506 172 1427 172 1413 163 1366 137 1363 137 1284 131 1269 131 1240 131 1211 131 1208 131 1205 131 1202 131 1202 134 1170 163 1161 172 971 172 959 160 942 146 939 146 936 146 933 146 930 146 898 157 883 143 880 143 877 143 874 143 871 143 830 160 813 169 795 160 917 122 883 59 876 80 880 21 806 41 733 60 626 160 628 222 628 228 713 260 716 260 719 263 792 263 792 260 795 260 798 260 819 242 845 260 848 260 851 260 854 260 857 260 921 233 927 233 936 233 1020 251 1023 251 1026 251 1073 236 1097 230 1149 239 1217 248 1219 248 1222 248 1249 239 1278 230 1310 242 1339 251 1342 251 1345 251 1389 242 1445 230 1462 245 1474 254 1474 257 1477 257 1480 257 1483 257 1486 257 1489 257 1503 245 1527 230 1778 230 1813 251 1825 260 1828 260 1831 260 1834 260 2197 257 2197 230 2194 198 2191 166"/></Shape>
	    <String CONTENT="Par devanr Les Notaires du Roi a L&#x27;Jsle de France"
                    HPOS="626.0"
                    VPOS="21.0"
                    WIDTH="1571.0"
                    HEIGHT="242.0"></String>
          </TextLine>
          <TextLine ID="eSc_line_610d7e98"
                    TAGREFS="LT8"
                    BASELINE="611 318 1527 309 2153 318" 
                    HPOS="608.0"
                    VPOS="236.0"
                    WIDTH="1545.0"
                    HEIGHT="120.0">
            <Shape><Polygon POINTS="611 318 611 356 991 353 994 353 997 353 997 350 1032 324 1366 324 1383 342 1383 344 1386 344 1389 344 1392 344 1395 344 1398 344 1465 327 1497 342 1503 344 1506 344 1509 344 1512 344 1515 344 1518 342 1530 336 1535 342 1547 350 1547 353 1550 353 1553 353 1556 356 1594 356 1594 353 1597 353 1600 353 1600 350 1611 342 1626 327 1939 330 1942 336 1963 350 1963 353 1965 353 1968 353 1971 353 1974 353 2036 333 2065 324 2147 330 2153 318 2147 245 1904 260 1884 248 1881 245 1878 245 1875 245 1872 245 1869 245 1860 248 1822 260 1781 248 1737 236 1734 236 1731 236 1728 236 1702 251 1685 260 1655 251 1638 245 1635 245 1632 245 1629 245 1614 251 1597 260 1588 251 1573 239 1573 236 1570 236 1568 236 1392 236 1389 236 1386 236 1331 254 1316 260 1310 254 1287 236 1284 236 1281 236 1278 236 1275 236 1237 257 1228 260 1214 257 1167 245 1164 245 1161 245 994 260 977 260 939 239 936 239 933 239 740 260 696 236 693 236 690 236 687 236 608 263 611 318"/></Shape>
	    <String CONTENT="Soussigne fut presente Marie Rose Negresse libre demeurante en"
                    HPOS="608.0"
                    VPOS="236.0"
                    WIDTH="1545.0"
                    HEIGHT="120.0"></String>
          </TextLine>
          <TextLine ID="eSc_line_8d9a6c02"
                    TAGREFS="LT8"
                    BASELINE="611 415 1810 409" 
                    HPOS="608.0"
                    VPOS="333.0"
                    WIDTH="1202.0"
                    HEIGHT="123.0">
            <Shape><Polygon POINTS="611 415 611 429 646 447 649 447 652 447 655 447 702 429 757 450 760 450 763 450 830 435 903 453 906 453 909 453 912 453 965 426 997 453 1000 453 1003 453 1006 456 1111 456 1111 453 1114 453 1158 432 1357 450 1360 450 1363 450 1366 450 1366 447 1392 423 1407 423 1746 441 1749 441 1752 441 1810 420 1810 409 1805 347 1512 333 1509 333 1506 333 1453 350 1436 359 1307 359 1293 353 1211 333 1208 333 1205 333 1202 333 1199 333 1176 353 1126 336 1123 336 1120 336 1117 336 1114 336 1114 339 1091 356 1088 362 1050 362 1041 359 977 336 974 336 971 336 854 359 795 336 792 336 789 336 786 336 743 359 687 359 664 342 661 342 658 342 655 342 652 342 608 359 611 415"/></Shape>
	    <String CONTENT="Cette ville au Trou Fanfaron paroisse de S^t Louis"
                    HPOS="608.0"
                    VPOS="333.0"
                    WIDTH="1202.0"
                    HEIGHT="123.0"></String>
          </TextLine>
          <TextLine ID="eSc_line_98d81560"
                    TAGREFS="LT8"
                    BASELINE="775 505 1573 491 2147 511" 
                    HPOS="772.0"
                    VPOS="423.0"
                    WIDTH="1375.0"
                    HEIGHT="114.0">
            <Shape><Polygon POINTS="775 505 772 529 868 534 871 534 874 534 883 532 909 517 930 532 933 534 936 534 939 534 942 537 1161 537 1161 534 1164 534 1167 534 1167 532 1170 532 1196 508 1667 508 1693 529 1696 529 1699 529 1702 529 1845 514 1904 532 1907 532 1910 532 1913 532 1957 520 2141 534 2147 511 2144 438 1968 423 1965 423 1963 423 1930 435 1904 447 1708 447 1676 432 1644 423 1641 423 1638 423 1635 423 1632 423 1617 432 1600 444 1477 432 1377 423 1374 423 1372 423 1342 432 1295 444 1132 432 1129 432 871 444 854 429 851 426 851 423 848 423 845 423 842 423 775 426 775 505"/></Shape>
	    <String CONTENT="Laquelle en consequence de la liberte accordée a la nommée Rosalie"
                    HPOS="772.0"
                    VPOS="423.0"
                    WIDTH="1375.0"
                    HEIGHT="114.0"></String>
          </TextLine>
          <TextLine ID="eSc_line_ab0f2611"
                    TAGREFS="LT8"
                    BASELINE="596 596 2179 602" 
                    HPOS="590.0"
                    VPOS="526.0"
                    WIDTH="1618.0"
                    HEIGHT="114.0">
            <Shape><Polygon POINTS="590 634 833 634 833 631 921 613 959 634 962 634 965 634 968 634 977 634 1047 619 1108 634 1111 634 1114 634 1117 634 1120 634 1123 634 1173 613 1190 631 1190 634 1193 634 1196 634 1199 637 1295 637 1295 634 1298 634 1369 613 1439 634 1448 637 1451 637 1453 637 1456 637 1459 637 1459 634 1483 616 1535 616 1556 634 1556 637 1559 637 1562 637 1565 640 1641 640 1641 637 1644 637 1647 637 1647 634 1667 616 1775 616 1805 637 1807 637 1810 637 1813 637 1845 637 2129 616 2167 637 2208 578 2176 526 593 526 593 593"/></Shape>
	    <String CONTENT="de Castre Bengalie Sa Cousine Germaine par acte passé devant"
                    HPOS="590.0"
                    VPOS="526.0"
                    WIDTH="1618.0"
                    HEIGHT="114.0"></String>
          </TextLine>
          <TextLine ID="eSc_line_104af409"
                    TAGREFS="LT8"
                    BASELINE="585 698 1304 681 2179 686" 
                    HPOS="582.0"
                    VPOS="608.0"
                    WIDTH="1597.0"
                    HEIGHT="125.0">
            <Shape><Polygon POINTS="585 698 585 719 675 733 678 733 681 733 684 733 684 730 699 719 710 710 760 710 822 719 909 733 912 733 915 733 944 719 956 713 977 719 1023 733 1026 733 1029 733 1032 733 1070 719 1094 710 1143 719 1217 730 1219 733 1354 733 1354 730 1357 730 1360 730 1360 727 1374 716 1386 707 1559 707 1573 716 1585 727 1588 727 1591 727 1594 727 1597 727 1623 716 1655 704 1705 704 1717 716 1728 724 1728 727 1731 727 1734 727 1737 727 1825 716 1869 710 1889 716 1910 722 1913 722 1916 722 1919 722 1922 722 1927 716 1939 704 1968 716 2001 727 2003 727 2006 727 2176 713 2179 686 2176 625 2120 608 2118 608 2115 608 2112 608 2065 628 2062 628 2015 613 2012 613 2009 613 1799 628 1723 613 1720 613 1717 613 1673 628 1635 610 1632 610 1629 610 1626 610 1573 631 1518 613 1515 613 1512 613 1404 631 1334 610 1331 610 1105 610 1102 610 1099 610 1097 610 1064 634 944 613 942 613 939 613 936 613 936 616 915 637 848 637 804 613 801 613 637 613 634 613 631 613 582 634 585 698"/></Shape>
	    <String CONTENT="M^e Touraille Notaire Le Cinq Janvier mil Sept Cent quatre Vingt dix"
                    HPOS="582.0"
                    VPOS="608.0"
                    WIDTH="1597.0"
                    HEIGHT="125.0"></String>
          </TextLine>
          <TextLine ID="eSc_line_1bc24958"
                    TAGREFS="LT8"
                    BASELINE="582 792 1304 771 2144 798" 
                    HPOS="579.0"
                    VPOS="707.0"
                    WIDTH="1565.0"
                    HEIGHT="114.0">
            <Shape><Polygon POINTS="582 792 579 803 895 815 898 815 901 815 903 815 918 806 933 795 944 806 956 815 959 815 962 815 965 818 1111 818 1111 815 1114 815 1132 806 1161 792 1222 792 1243 806 1260 818 1263 818 1266 818 1269 818 1272 818 1304 806 1336 795 1606 795 1617 806 1620 806 1620 809 1623 809 1626 809 1629 809 1632 809 1635 809 1638 806 1649 798 1661 806 1673 818 1673 821 1676 821 1679 821 1682 821 1685 821 1711 806 1728 798 1758 806 1799 821 1802 821 1805 821 1895 806 1924 803 1957 806 2027 818 2030 818 2141 806 2144 798 2141 736 2018 736 2018 733 2001 719 1998 719 1995 719 1992 719 1989 719 1942 733 1922 716 1922 713 1919 713 1916 713 1913 713 1910 713 1857 733 1837 716 1837 713 1834 713 1831 713 1828 713 1649 727 1632 713 1632 710 1629 710 1626 710 1623 710 1620 710 1588 724 1453 710 1451 710 1448 710 1407 730 1407 733 1237 733 1231 730 1164 707 1161 707 1158 707 582 724 582 792"/></Shape>
	    <String CONTENT="de la Confirmation de la liberte par M M des Chef Suivant Leur"
                    HPOS="579.0"
                    VPOS="707.0"
                    WIDTH="1565.0"
                    HEIGHT="114.0"></String>
          </TextLine>
          <TextLine ID="eSc_line_96b9f754"
                    TAGREFS="LT8"
                    BASELINE="573 879 997 859 2194 871" 
                    HPOS="570.0"
                    VPOS="792.0"
                    WIDTH="1624.0"
                    HEIGHT="111.0">
            <Shape><Polygon POINTS="573 879 570 903 778 903 778 900 781 900 898 874 942 888 944 888 947 888 1018 874 1053 900 1056 900 1059 900 1061 900 1064 900 1178 874 1298 874 1339 894 1342 894 1345 894 1348 894 1351 894 1383 877 1614 877 1661 900 1670 903 1673 903 1676 903 1705 900 1772 888 1799 900 1807 903 1810 903 1813 903 1816 903 1825 900 1872 877 1922 900 1933 903 1936 903 1939 903 1977 900 2059 888 2088 897 2094 900 2097 900 2100 900 2103 900 2106 900 2106 897 2123 885 2188 897 2194 871 2191 815 1977 815 1919 795 1916 795 1913 795 1746 815 1723 815 1711 815 1632 795 1559 795 1556 795 1553 795 1550 795 1527 815 1524 815 1515 815 1436 798 1433 798 1298 812 1272 795 1269 795 1266 795 1263 795 1149 809 1038 792 1035 792 1032 792 985 812 965 795 965 792 962 792 959 792 956 792 953 792 883 809 836 792 833 792 830 792 827 792 824 792 824 795 804 815 573 815 573 879"/></Shape>
	    <String CONTENT="ordonnance du treize du present mon etant au bas de la requete ci representée"
                    HPOS="570.0"
                    VPOS="792.0"
                    WIDTH="1624.0"
                    HEIGHT="111.0"></String>
          </TextLine>
          <TextLine ID="eSc_line_2f83f446"
                    TAGREFS="LT8"
                    BASELINE="576 970 1146 947 2205 961" 
                    HPOS="573.0"
                    VPOS="882.0"
                    WIDTH="1632.0"
                    HEIGHT="123.0">
            <Shape><Polygon POINTS="2197 897 2006 882 2003 882 2001 882 1998 882 1998 885 1983 897 1974 906 1919 906 1881 897 1819 882 1816 882 1813 882 1784 894 1764 906 1632 906 1617 894 1603 882 1600 882 1597 882 1377 882 1374 882 1372 882 1342 891 1301 903 1266 891 1243 882 1240 882 1237 882 1234 882 1217 891 1187 903 1132 888 1114 885 1111 885 1108 885 1105 885 1091 888 1038 906 819 906 725 885 702 882 699 882 696 882 693 882 693 885 690 885 669 906 599 906 579 885 576 970 573 999 842 1002 845 1002 848 1002 851 1002 851 999 874 982 933 993 936 993 939 993 942 993 959 979 1050 999 1061 1002 1064 1005 1146 1005 1146 1002 1149 1002 1152 1002 1152 999 1190 979 1336 979 1386 999 1389 999 1392 999 1395 999 1451 979 1576 993 1579 993 1734 979 1758 999 1758 1002 1761 1002 1764 1002 1766 1002 1769 1002 1778 999 1845 982 1869 999 1869 1002 1872 1002 1875 1002 1878 1005 1954 1005 1954 1002 1957 1002 1960 1002 1960 999 1980 979 2027 996 2030 996 2033 996 2036 996 2039 996 2039 993 2053 979 2100 999 2103 999 2106 1002 2202 1002 2205 961 2202 909 2197 897"/></Shape>
	    <String CONTENT="Le vingt trois aout dernier et pour effectuer la promesse faite par ladite marie"
                    HPOS="573.0"
                    VPOS="882.0"
                    WIDTH="1632.0"
                    HEIGHT="123.0"></String>
          </TextLine>
          <TextLine ID="eSc_line_1bee251a"
                    TAGREFS="LT8"
                    BASELINE="558 1069 1161 1040 2109 1043" 
                    HPOS="558.0"
                    VPOS="967.0"
                    WIDTH="1551.0"
                    HEIGHT="117.0">
            <Shape><Polygon POINTS="558 1081 898 1084 901 1084 903 1084 906 1084 912 1078 927 1069 980 1078 1020 1084 1023 1084 1026 1084 1029 1084 1035 1078 1059 1061 1146 1075 1184 1081 1187 1081 1190 1081 1193 1081 1199 1075 1225 1058 1298 1058 1401 1072 1442 1078 1445 1078 1448 1078 1451 1078 1451 1075 1456 1072 1468 1058 1550 1055 1664 1055 1679 1067 1679 1069 1682 1069 1685 1069 1688 1069 1696 1069 1845 1052 1927 1067 1945 1069 1948 1069 2106 1064 2109 1043 2106 985 1807 970 1805 970 1802 970 1799 970 1784 982 1778 988 1761 982 1711 967 1708 967 1547 967 1544 967 1453 982 1418 988 1398 982 1366 973 1363 973 1360 973 1357 973 1325 982 1293 991 1225 982 1155 973 1152 973 1149 973 1146 973 1138 982 1120 993 980 982 903 976 901 976 898 976 895 976 889 982 865 999 789 999 769 982 766 982 763 982 760 982 757 982 690 999 669 982 669 979 667 979 664 979 661 979 658 979 649 982 605 996 558 982 558 1069 558 1081"/></Shape>
	    <String CONTENT="Rose dassurer a ladite Rosalie un maison de Valeur de dix huit Curles et"
                    HPOS="558.0"
                    VPOS="967.0"
                    WIDTH="1551.0"
                    HEIGHT="117.0"></String>
          </TextLine>
          <TextLine ID="eSc_line_68b1a951"
                    TAGREFS="LT8"
                    BASELINE="570 1160 1164 1131 2161 1116" 
                    HPOS="567.0"
                    VPOS="1043.0"
                    WIDTH="1594.0"
                    HEIGHT="140.0">
            <Shape><Polygon POINTS="1942 1043 1930 1043 1927 1043 1922 1052 1916 1061 1746 1061 1728 1058 1690 1046 1688 1046 1685 1046 1682 1046 1644 1061 1632 1064 1620 1061 1568 1046 1565 1046 1562 1046 1433 1067 1424 1067 1418 1067 1351 1052 1348 1052 1345 1052 1304 1069 1295 1072 1281 1069 1225 1061 1222 1061 1219 1061 1187 1072 1178 1075 1164 1075 1061 1058 1059 1058 944 1081 936 1081 930 1081 851 1064 848 1064 845 1064 772 1087 678 1087 661 1072 661 1069 658 1069 655 1069 652 1069 649 1069 567 1090 570 1160 570 1178 936 1183 939 1183 942 1183 1012 1163 1064 1151 1155 1151 1178 1160 1222 1175 1225 1175 1228 1175 1231 1175 1234 1175 1234 1172 1252 1157 1260 1148 1451 1148 1652 1151 1655 1151 1658 1151 1661 1151 1676 1143 1685 1137 1749 1140 2015 1157 2018 1157 2161 1125 2161 1116 2153 1046 2006 1055 1980 1049 1954 1043 1942 1043"/></Shape>
	    <String CONTENT="et d&#x27;une Negresse Mozembique Nommée Marie dans le cas ou Sa liberte"
                    HPOS="567.0"
                    VPOS="1043.0"
                    WIDTH="1594.0"
                    HEIGHT="140.0"></String>
          </TextLine>
          <TextLine ID="eSc_line_ba6735c9"
                    TAGREFS="LT8"
                    BASELINE="579 1254 1217 1221 2179 1210" 
                    HPOS="576.0"
                    VPOS="1137.0"
                    WIDTH="1603.0"
                    HEIGHT="152.0">
            <Shape><Polygon POINTS="579 1254 579 1277 696 1289 699 1289 702 1289 743 1274 795 1254 863 1268 912 1280 915 1280 918 1280 947 1268 994 1245 1313 1239 1392 1242 1404 1254 1421 1268 1424 1268 1427 1268 1430 1268 1433 1268 1436 1268 1456 1251 1468 1245 1500 1251 1594 1265 1597 1265 1600 1265 1603 1265 1603 1262 1620 1245 1623 1242 1632 1245 1673 1265 1676 1265 1679 1265 1851 1239 1857 1239 1886 1259 1889 1259 1892 1259 1895 1259 1968 1257 1971 1257 1974 1257 2009 1233 2012 1233 2056 1254 2059 1254 2062 1257 2153 1257 2153 1254 2156 1254 2159 1254 2159 1251 2179 1230 2179 1210 2170 1143 2077 1154 2027 1145 1974 1137 1971 1137 1968 1137 1945 1148 1922 1163 1802 1163 1790 1154 1778 1143 1775 1143 1772 1143 1696 1143 1693 1143 1690 1143 1655 1157 1638 1166 1573 1160 1436 1148 1433 1148 1430 1148 1427 1148 1398 1166 1389 1172 1377 1166 1336 1151 1334 1151 1331 1151 1328 1151 1263 1172 1249 1175 1219 1172 1091 1160 1088 1160 1085 1160 1082 1160 1056 1178 1053 1181 1047 1178 1000 1160 997 1160 994 1160 901 1178 848 1163 845 1163 842 1163 839 1163 789 1186 722 1166 719 1166 716 1166 576 1192 579 1254"/></Shape>
	    <String CONTENT="Serait Confirme Ladite Marie Rose a par Ces presentes fait donation"
                    HPOS="576.0"
                    VPOS="1137.0"
                    WIDTH="1603.0"
                    HEIGHT="152.0"></String>
          </TextLine>
          <TextLine ID="eSc_line_e88561af"
                    TAGREFS="LT8"
                    BASELINE="582 1350 1418 1309 2156 1297" 
                    HPOS="576.0"
                    VPOS="1233.0"
                    WIDTH="1580.0"
                    HEIGHT="152.0">
            <Shape><Polygon POINTS="582 1350 582 1382 830 1385 833 1385 836 1385 871 1371 930 1344 1003 1344 1050 1365 1082 1376 1085 1376 1088 1376 1135 1373 1138 1373 1140 1373 1158 1359 1187 1338 1298 1353 1334 1356 1336 1356 1404 1347 1597 1324 1655 1338 1693 1347 1696 1347 1699 1347 1702 1347 1740 1333 1778 1321 1822 1330 1901 1347 1904 1347 1907 1347 1910 1347 1936 1327 1945 1318 1960 1324 2006 1344 2009 1344 2012 1344 2106 1341 2109 1341 2112 1341 2112 1338 2132 1318 2138 1312 2150 1315 2156 1297 2147 1242 1787 1251 1769 1236 1769 1233 1766 1233 1764 1233 1761 1233 1758 1233 1755 1233 1728 1254 1726 1254 1708 1254 1509 1242 1506 1242 1369 1262 1336 1268 1319 1265 1260 1251 1257 1251 1255 1251 1252 1251 1249 1251 1222 1268 1211 1268 1085 1257 1082 1257 1079 1257 1076 1257 1050 1274 1047 1274 1020 1274 851 1265 848 1265 845 1265 842 1265 824 1280 816 1286 795 1280 748 1268 746 1268 743 1268 576 1286 582 1350"/></Shape>
	    <String CONTENT="entre Vif pure Simple et irrevocable a ladite Rosalie demeurante"
                    HPOS="576.0"
                    VPOS="1233.0"
                    WIDTH="1580.0"
                    HEIGHT="152.0"></String>
          </TextLine>
          <TextLine ID="eSc_line_652b1efe"
                    TAGREFS="LT8"
                    BASELINE="582 1444 2144 1385" 
                    HPOS="576.0"
                    VPOS="1312.0"
                    WIDTH="1568.0"
                    HEIGHT="161.0">
            <Shape><Polygon POINTS="582 1444 582 1473 816 1444 892 1444 921 1461 924 1461 927 1461 930 1461 933 1461 974 1441 1190 1452 1199 1452 1202 1452 1205 1452 1208 1452 1290 1429 1500 1441 1515 1441 1518 1441 1530 1441 1673 1414 1737 1432 1740 1432 1743 1432 1746 1432 1749 1432 1752 1432 1775 1414 1819 1429 1822 1429 1825 1429 1828 1429 1831 1429 1834 1429 1866 1409 2141 1414 2144 1385 2138 1330 1980 1312 1977 1312 1974 1312 1971 1312 1945 1333 1939 1338 1886 1338 1834 1335 1726 1330 1723 1330 1606 1341 1503 1353 1477 1344 1436 1333 1433 1333 1430 1333 1363 1347 1319 1359 1301 1350 1281 1338 1278 1338 1275 1338 1193 1353 1108 1371 1003 1371 982 1359 971 1350 968 1350 965 1350 962 1350 903 1362 801 1379 576 1371 582 1444"/></Shape>
	    <String CONTENT="au trou Fanfaron et Ci presente et acceptante d&#x27;une maison Située au"
                    HPOS="576.0"
                    VPOS="1312.0"
                    WIDTH="1568.0"
                    HEIGHT="161.0"></String>
          </TextLine>
          <TextLine ID="eSc_line_2ba7e2d5"
                    TAGREFS="LT8"
                    BASELINE="596 1523 1603 1487 2153 1487" 
                    HPOS="593.0"
                    VPOS="1403.0"
                    WIDTH="1560.0"
                    HEIGHT="152.0">
            <Shape><Polygon POINTS="596 1523 596 1543 903 1555 906 1555 909 1555 912 1555 947 1534 965 1523 1053 1523 1061 1531 1082 1546 1082 1549 1085 1549 1088 1549 1091 1552 1138 1552 1138 1549 1140 1549 1143 1549 1167 1528 1176 1523 1205 1525 1293 1537 1295 1537 1404 1520 1468 1511 1530 1511 1538 1517 1565 1537 1568 1537 1570 1537 1573 1537 1682 1534 1685 1534 1740 1511 1755 1505 1807 1508 1895 1514 1898 1514 1971 1502 2001 1499 2003 1502 2024 1517 2027 1517 2030 1517 2033 1517 2153 1496 2153 1487 2141 1403 2100 1432 2006 1432 1971 1411 1968 1409 1965 1409 1963 1409 1960 1409 1884 1414 1728 1429 1708 1423 1688 1414 1685 1414 1682 1414 1679 1414 1676 1414 1661 1423 1647 1435 1614 1426 1579 1417 1576 1417 1573 1417 1570 1417 1547 1429 1521 1444 1497 1432 1492 1429 1489 1429 1486 1429 1483 1429 1480 1429 1477 1432 1465 1441 1456 1435 1445 1423 1442 1423 1439 1423 1436 1423 1433 1423 1377 1438 1325 1449 1269 1444 1190 1432 1187 1432 1184 1432 1181 1432 1181 1435 1167 1447 1161 1455 1105 1455 1088 1449 1056 1438 1053 1438 1050 1438 1047 1438 1044 1438 1044 1441 1029 1452 1020 1458 950 1458 950 1455 927 1438 927 1435 924 1435 921 1435 918 1435 851 1438 848 1438 845 1438 810 1464 804 1467 684 1467 652 1447 649 1447 646 1447 643 1447 640 1447 593 1467 596 1523"/></Shape>
	    <String CONTENT="trou Fanfaron et icelle appartenante comme L&#x27;ayant fait continue a ses"
                    HPOS="593.0"
                    VPOS="1403.0"
                    WIDTH="1560.0"
                    HEIGHT="152.0"></String>
          </TextLine>
          <TextLine ID="eSc_line_171cb1d3"
                    TAGREFS="LT8"
                    BASELINE="585 1616 2141 1569" 
                    HPOS="582.0"
                    VPOS="1496.0"
                    WIDTH="1559.0"
                    HEIGHT="152.0">
            <Shape><Polygon POINTS="585 1616 585 1648 684 1631 746 1642 748 1642 751 1642 786 1625 816 1637 819 1637 822 1637 824 1637 877 1616 1079 1628 1082 1628 1176 1604 1290 1604 1310 1619 1313 1619 1316 1619 1319 1619 1483 1599 1530 1613 1547 1619 1550 1619 1553 1619 1600 1610 1699 1593 1769 1604 1772 1604 1775 1604 1778 1604 1781 1604 1796 1590 1816 1604 1825 1610 1828 1610 1831 1610 1834 1610 1837 1610 1840 1610 1848 1601 1863 1590 1889 1601 1907 1607 1910 1607 1913 1607 2138 1590 2141 1569 2135 1508 1989 1496 1986 1496 1983 1496 1980 1496 1980 1499 1965 1514 1957 1523 1886 1523 1851 1517 1775 1502 1772 1502 1769 1502 1766 1502 1737 1520 1723 1528 1705 1523 1676 1511 1673 1511 1670 1511 1667 1511 1664 1511 1647 1525 1635 1531 1600 1525 1503 1511 1500 1511 1497 1511 1494 1511 1494 1514 1477 1531 1474 1531 1471 1531 1462 1523 1459 1523 1456 1523 1453 1523 1392 1534 1354 1540 1334 1534 1263 1517 1260 1517 1257 1517 1097 1543 1064 1549 1050 1546 977 1525 974 1525 971 1525 968 1525 877 1552 865 1555 848 1555 760 1543 757 1543 754 1543 751 1543 751 1546 737 1558 734 1558 628 1537 626 1537 623 1537 582 1558 585 1616"/></Shape>
	    <String CONTENT="frais sur un terrin non nocéde sauf a ladite Rosalie solliciter"
                    HPOS="582.0"
                    VPOS="1496.0"
                    WIDTH="1559.0"
                    HEIGHT="152.0"></String>
          </TextLine>
          <TextLine ID="eSc_line_9f110054"
                    TAGREFS="LT8"
                    BASELINE="579 1718 1240 1677" 
                    HPOS="573.0"
                    VPOS="1610.0"
                    WIDTH="667.0"
                    HEIGHT="126.0">
            <Shape><Polygon POINTS="579 1718 579 1736 1240 1695 1240 1677 1234 1619 892 1610 889 1610 886 1610 754 1651 746 1654 740 1651 707 1637 705 1637 702 1637 699 1637 696 1637 696 1639 675 1657 675 1660 573 1663 579 1718"/></Shape>
	    <String CONTENT="et obtenir Ladite Concession"
                    HPOS="573.0"
                    VPOS="1610.0"
                    WIDTH="667.0"
                    HEIGHT="126.0"></String>
          </TextLine>
          <TextLine ID="eSc_line_24c00ca9"
                    TAGREFS="LT8"
                    BASELINE="667 1800 1480 1754 1992 1751 2120 1762" 
                    HPOS="661.0"
                    VPOS="1669.0"
                    WIDTH="1459.0"
                    HEIGHT="149.0">
            <Shape><Polygon POINTS="667 1800 667 1818 1316 1780 1369 1794 1372 1794 1374 1794 1377 1794 1380 1794 1380 1792 1383 1792 1395 1777 1424 1789 1427 1789 1430 1789 1433 1789 1436 1789 1459 1774 1524 1789 1527 1789 1530 1789 1532 1789 1535 1789 1535 1786 1538 1786 1547 1771 1600 1786 1603 1786 1606 1786 1609 1786 1667 1768 1717 1783 1723 1783 1726 1783 1728 1783 1731 1783 1734 1783 1734 1780 1755 1765 1772 1780 1775 1780 1778 1780 1781 1780 2118 1765 2120 1762 2115 1683 2041 1675 2039 1675 2036 1675 1992 1689 1986 1689 1983 1689 1945 1669 1942 1669 1939 1669 1936 1669 1933 1669 1933 1672 1910 1689 1848 1683 1845 1683 1843 1683 1840 1683 1828 1692 1816 1698 1778 1692 1676 1677 1673 1677 1670 1677 1667 1677 1638 1695 1632 1701 1626 1698 1611 1683 1609 1683 1606 1683 1603 1683 1600 1683 1559 1698 1527 1710 1465 1701 1386 1689 1383 1689 1380 1689 1348 1704 1322 1715 1266 1707 1222 1698 1219 1698 1217 1698 1199 1707 1164 1724 661 1721 667 1800"/></Shape>
	    <String CONTENT="Plus ladite Marie Rose Donne au meme titre a la dite"
                    HPOS="661.0"
                    VPOS="1669.0"
                    WIDTH="1459.0"
                    HEIGHT="149.0"></String>
          </TextLine>
          <TextLine ID="eSc_line_1786dbad"
                    TAGREFS="LT8"
                    BASELINE="573 1891 1415 1847 2103 1832" 
                    HPOS="567.0"
                    VPOS="1754.0"
                    WIDTH="1536.0"
                    HEIGHT="163.0">
            <Shape><Polygon POINTS="2059 1759 2030 1756 2012 1754 1968 1771 1951 1777 1919 1774 1825 1759 1822 1759 1714 1780 1658 1789 1582 1783 1448 1774 1445 1774 1380 1777 1377 1777 1374 1777 1374 1780 1363 1792 1354 1803 1178 1806 1167 1797 1155 1789 1155 1786 1152 1786 1149 1786 1146 1786 1067 1800 988 1815 918 1806 863 1797 860 1797 857 1797 854 1797 842 1806 819 1821 567 1818 573 1891 576 1917 626 1900 731 1911 748 1911 751 1911 754 1911 760 1908 795 1888 895 1888 921 1903 936 1908 939 1908 942 1908 944 1908 977 1900 1035 1882 1146 1891 1231 1897 1234 1897 1237 1897 1272 1885 1316 1870 1453 1876 1597 1882 1600 1882 1603 1882 1658 1868 1696 1856 1717 1865 1740 1873 1743 1873 1746 1873 1813 1859 1843 1853 1851 1856 1872 1870 1875 1870 1878 1870 1881 1870 1884 1870 1886 1870 1904 1856 1907 1853 1913 1853 1963 1868 1965 1868 1968 1868 2100 1844 2103 1832 2100 1768 2071 1759 2059 1759"/></Shape>
	    <String CONTENT="Rosalie Ci acceptante une négresse Mozambique Nommée Marie"
                    HPOS="567.0"
                    VPOS="1754.0"
                    WIDTH="1536.0"
                    HEIGHT="163.0"></String>
          </TextLine>
          <TextLine ID="eSc_line_fe846ab2"
                    TAGREFS="LT8"
                    BASELINE="576 1976 2135 1926" 
                    HPOS="573.0"
                    VPOS="1850.0"
                    WIDTH="1562.0"
                    HEIGHT="164.0">
            <Shape><Polygon POINTS="576 1976 576 2002 743 2014 746 2014 748 2014 751 2014 751 2011 769 1996 772 1993 810 1993 816 1993 839 2011 842 2011 845 2011 848 2011 851 2011 903 1990 924 1984 942 1990 994 2005 997 2005 1000 2005 1003 2005 1006 2005 1029 1987 1041 1976 1146 1976 1170 1982 1225 1996 1228 1996 1231 1996 1401 1993 1404 1993 1407 1993 1442 1970 1448 1967 1462 1970 1535 1987 1538 1987 1655 1970 1758 1982 1761 1982 1764 1982 1766 1982 1766 1979 1787 1958 1790 1952 1884 1952 1886 1955 1898 1964 1898 1967 1901 1967 1904 1967 1907 1970 1907 1967 1910 1967 1913 1967 1913 1964 1924 1952 1927 1952 1977 1952 2021 1952 2041 1967 2044 1967 2047 1967 2050 1967 2053 1967 2056 1967 2080 1946 2082 1946 2135 1946 2135 1926 2129 1859 2080 1850 2077 1850 2074 1850 2071 1850 2056 1862 2036 1876 1992 1865 1957 1853 1954 1853 1951 1853 1948 1853 1916 1868 1886 1879 1848 1870 1813 1862 1810 1862 1807 1862 1805 1862 1802 1862 1787 1873 1775 1882 1737 1876 1708 1870 1705 1870 1702 1870 1699 1870 1690 1876 1673 1888 1609 1879 1565 1876 1562 1876 1486 1885 1401 1897 1377 1891 1316 1873 1313 1873 1310 1873 1307 1873 1266 1897 1263 1897 1243 1882 1240 1882 1237 1882 1234 1882 1231 1882 1228 1882 1228 1885 1225 1885 1217 1897 1211 1903 1181 1900 1038 1882 1035 1882 1032 1882 1029 1882 1003 1906 947 1891 944 1891 942 1891 939 1891 936 1891 915 1906 857 1888 854 1888 851 1888 789 1891 786 1891 784 1891 751 1917 748 1917 652 1917 623 1897 620 1897 617 1897 614 1897 611 1897 608 1897 573 1917 576 1976"/></Shape>
	    <String CONTENT="declarant Ladite Rosalie etre des a present en possession tant de ladite"
                    HPOS="573.0"
                    VPOS="1850.0"
                    WIDTH="1562.0"
                    HEIGHT="164.0"></String>
          </TextLine>
          <TextLine ID="eSc_line_1420ee34"
                    TAGREFS="LT8"
                    BASELINE="567 2078 1298 2037" 
                    HPOS="561.0"
                    VPOS="1964.0"
                    WIDTH="737.0"
                    HEIGHT="152.0">
            <Shape><Polygon POINTS="567 2078 567 2107 655 2116 658 2116 661 2116 664 2116 664 2113 667 2113 675 2101 687 2087 743 2096 827 2107 830 2107 833 2107 836 2107 865 2087 883 2072 936 2081 980 2087 982 2087 985 2087 1015 2075 1041 2063 1067 2069 1135 2090 1138 2090 1140 2090 1143 2090 1146 2090 1187 2060 1202 2055 1298 2055 1298 2037 1293 1976 1105 1964 1102 1964 1099 1964 1050 1979 1009 1993 991 1982 982 1976 980 1976 977 1976 974 1976 971 1976 956 1982 936 1990 906 1984 874 1976 871 1976 868 1976 865 1976 863 1976 863 1979 854 1984 839 2005 784 2005 760 1987 757 1987 754 1987 751 1987 746 1987 652 2011 628 1993 628 1990 626 1990 623 1990 620 1990 561 1990 567 2078"/></Shape>
	    <String CONTENT="[[mozambique]] de ladite Negresse"
                    HPOS="561.0"
                    VPOS="1964.0"
                    WIDTH="737.0"
                    HEIGHT="152.0"></String>
          </TextLine>
          <TextLine ID="eSc_line_b8ba8788"
                    TAGREFS="LT8"
                    BASELINE="696 2163 1325 2125 2164 2119" 
                    HPOS="693.0"
                    VPOS="2031.0"
                    WIDTH="1471.0"
                    HEIGHT="161.0">
            <Shape><Polygon POINTS="696 2163 696 2180 804 2192 807 2192 810 2192 857 2177 892 2169 924 2177 950 2186 953 2186 956 2186 959 2186 962 2186 962 2183 971 2177 985 2160 1140 2157 1243 2172 1284 2177 1287 2177 1290 2177 1293 2177 1301 2172 1325 2154 1398 2169 1427 2174 1430 2174 1433 2174 1445 2169 1483 2148 1559 2166 1585 2172 1588 2172 1591 2172 1617 2166 1708 2142 1778 2163 1793 2166 1796 2166 1799 2166 1802 2166 1805 2166 1807 2163 1837 2139 2006 2151 2009 2151 2012 2151 2015 2151 2033 2134 2085 2157 2088 2157 2091 2157 2094 2157 2164 2154 2164 2119 2159 2034 1968 2031 1965 2031 1963 2031 1939 2043 1889 2069 1843 2049 1837 2046 1834 2046 1831 2046 1810 2049 1699 2075 1606 2060 1588 2058 1585 2058 1565 2060 1494 2078 1480 2066 1468 2058 1468 2055 1465 2055 1462 2055 1459 2055 1456 2055 1398 2069 1395 2069 1369 2049 1366 2049 1363 2049 1298 2049 1295 2049 1293 2049 1290 2049 1257 2075 1252 2078 1249 2078 1222 2055 1219 2055 1217 2055 1214 2055 1211 2055 1158 2072 1079 2055 1076 2055 1073 2055 1070 2055 1038 2084 1003 2058 1000 2058 997 2058 994 2058 991 2058 924 2093 912 2098 772 2098 754 2084 754 2081 751 2081 748 2081 746 2081 743 2081 693 2101 696 2163"/></Shape>
	    <String CONTENT="Pour par ladite Rosalie Jouir faire et doprore tant de la dite"
                    HPOS="693.0"
                    VPOS="2031.0"
                    WIDTH="1471.0"
                    HEIGHT="161.0"></String>
          </TextLine>
          <TextLine ID="eSc_line_48941a74"
                    TAGREFS="LT8"
                    BASELINE="567 2265 1328 2221 2182 2230" 
                    HPOS="564.0"
                    VPOS="2148.0"
                    WIDTH="1618.0"
                    HEIGHT="143.0">
            <Shape><Polygon POINTS="567 2265 573 2291 602 2274 646 2288 649 2288 652 2288 816 2274 851 2286 854 2286 857 2286 860 2286 918 2256 1135 2280 1138 2280 1140 2280 1143 2280 1146 2280 1146 2277 1176 2248 1304 2248 1398 2250 1421 2271 1421 2274 1424 2274 1427 2274 1430 2274 1433 2274 1480 2253 1530 2271 1532 2271 1535 2271 1538 2271 1611 2242 1731 2242 1769 2259 1772 2259 1775 2259 1778 2259 1840 2245 1869 2265 1872 2265 1875 2265 1878 2265 1881 2265 1884 2265 1884 2262 1907 2239 1963 2239 2179 2259 2182 2230 2176 2160 1875 2172 1866 2166 1851 2154 1851 2151 1848 2151 1845 2151 1843 2151 1840 2151 1837 2151 1816 2166 1807 2174 1749 2174 1737 2169 1664 2148 1661 2148 1658 2148 1655 2148 1609 2166 1562 2151 1559 2151 1556 2151 1410 2166 1336 2154 1334 2154 1331 2154 1234 2180 1225 2183 1225 2180 1196 2157 1193 2157 1190 2157 1187 2157 1067 2177 903 2163 901 2163 898 2163 833 2192 827 2192 813 2192 626 2169 623 2169 620 2169 564 2192 567 2265"/></Shape>
	    <String CONTENT="Maison que de ladite Negresse en toute propruité Comme de Chon lui"
                    HPOS="564.0"
                    VPOS="2148.0"
                    WIDTH="1618.0"
                    HEIGHT="143.0"></String>
          </TextLine>
          <TextLine ID="eSc_line_faa101f9"
                    TAGREFS="LT8"
                    BASELINE="576 2350 912 2332" 
                    HPOS="570.0"
                    VPOS="2271.0"
                    WIDTH="342.0"
                    HEIGHT="126.0">
            <Shape><Polygon POINTS="576 2350 576 2397 672 2388 675 2388 678 2388 678 2385 681 2385 693 2367 909 2353 912 2332 903 2271 734 2303 570 2303 576 2350"/></Shape>
	    <String CONTENT="appartmente"
                    HPOS="570.0"
                    VPOS="2271.0"
                    WIDTH="342.0"
                    HEIGHT="126.0"></String>
          </TextLine>
          <TextLine ID="eSc_line_2a368c16"
                    TAGREFS="LT8"
                    BASELINE="678 2435 1079 2400 1392 2388 1924 2391 2164 2405" 
                    HPOS="675.0"
                    VPOS="2306.0"
                    WIDTH="1489.0"
                    HEIGHT="152.0">
            <Shape><Polygon POINTS="851 2338 822 2338 792 2341 778 2341 675 2359 678 2435 678 2458 842 2455 845 2455 848 2455 880 2432 921 2455 924 2455 927 2455 930 2455 933 2455 939 2452 1000 2426 1053 2449 1059 2452 1061 2452 1064 2452 1158 2449 1161 2449 1164 2449 1164 2446 1184 2426 1222 2446 1225 2446 1228 2446 1231 2446 1234 2446 1234 2443 1263 2411 1372 2408 1512 2408 1532 2426 1535 2426 1538 2426 1541 2426 1544 2426 1547 2426 1568 2408 1617 2420 1620 2420 1623 2420 1717 2405 1772 2423 1775 2423 1778 2423 1781 2423 1848 2405 1889 2432 1895 2435 1898 2435 1901 2435 1904 2435 1936 2429 2018 2414 2161 2423 2164 2405 2161 2329 1992 2315 1989 2315 1895 2329 1787 2306 1784 2306 1781 2306 1778 2306 1778 2309 1758 2329 1661 2312 1658 2312 1655 2312 1652 2312 1606 2341 1547 2341 1512 2312 1509 2312 1506 2312 1503 2312 1500 2312 1497 2312 1448 2341 1290 2318 1287 2318 1284 2318 1205 2347 1178 2326 1176 2326 1173 2326 1170 2326 1167 2326 1129 2335 1094 2321 1091 2321 1088 2321 977 2329 974 2329 971 2329 942 2353 871 2335 851 2338"/></Shape>
	    <String CONTENT="La presente donation est faite neamoins Sous la Condition que les"
                    HPOS="675.0"
                    VPOS="2306.0"
                    WIDTH="1489.0"
                    HEIGHT="152.0"></String>
          </TextLine>
          <TextLine ID="eSc_line_cda36e2c"
                    TAGREFS="LT8"
                    BASELINE="576 2540 1281 2493 2191 2484" 
                    HPOS="573.0"
                    VPOS="2400.0"
                    WIDTH="1618.0"
                    HEIGHT="160.0">
            <Shape><Polygon POINTS="576 2540 576 2560 1331 2514 1415 2528 1418 2528 1421 2528 1424 2528 1442 2514 1468 2534 1471 2534 1474 2534 1477 2534 1480 2534 1483 2534 1521 2508 1573 2534 1576 2534 1579 2534 1582 2534 1585 2534 1588 2534 1588 2531 1617 2511 1711 2508 1734 2525 1734 2528 1737 2528 1740 2528 1743 2528 1752 2528 1851 2508 2188 2514 2191 2484 2179 2400 2126 2429 2039 2429 2001 2408 1998 2405 1995 2405 1992 2405 1989 2405 1986 2405 1983 2405 1980 2408 1951 2435 1766 2438 1752 2426 1752 2423 1749 2423 1746 2423 1743 2423 1740 2423 1667 2440 1609 2426 1594 2423 1591 2423 1588 2423 1559 2429 1489 2443 1468 2432 1459 2426 1456 2426 1453 2426 1328 2426 1325 2426 1322 2426 1290 2440 1266 2452 1255 2443 1237 2429 1234 2429 1231 2429 1228 2429 573 2473 576 2540"/></Shape>
	    <String CONTENT="de preden de ladite donation lesdites maison et negresse retourneront"
                    HPOS="573.0"
                    VPOS="2400.0"
                    WIDTH="1618.0"
                    HEIGHT="160.0"></String>
          </TextLine>
          <TextLine ID="eSc_line_f5c2e96d"
                    TAGREFS="LT8"
                    BASELINE="564 2636 1211 2590 2156 2598" 
                    HPOS="561.0"
                    VPOS="2514.0"
                    WIDTH="1595.0"
                    HEIGHT="140.0">
            <Shape><Polygon POINTS="564 2636 564 2654 795 2633 863 2648 871 2648 874 2648 877 2648 880 2648 944 2619 1061 2636 1064 2636 1155 2613 1336 2613 1383 2633 1395 2639 1398 2639 1401 2639 1404 2639 1418 2633 1468 2610 1515 2631 1527 2636 1530 2636 1532 2636 1582 2631 1711 2607 1731 2625 1737 2631 1737 2633 1740 2633 1743 2633 1746 2633 1749 2633 1766 2625 1807 2604 1892 2622 1945 2631 1948 2631 2156 2613 2156 2598 2153 2540 2106 2522 2103 2522 2100 2522 2097 2522 2059 2543 2053 2543 1930 2528 1927 2528 1924 2528 1922 2528 1898 2546 1895 2546 1819 2514 1816 2514 1813 2514 1720 2528 1600 2516 1597 2516 1594 2516 1556 2537 1427 2519 1424 2519 1421 2519 1418 2519 1389 2546 1325 2522 1322 2522 1319 2522 1316 2522 1249 2543 1205 2525 1202 2525 1199 2525 1196 2525 1164 2540 1079 2525 1076 2525 1020 2528 1018 2528 1015 2528 1015 2531 988 2554 980 2560 561 2560 564 2636"/></Shape>
	    <String CONTENT="et appartiendront a ladite donatrece pour quoi ladite donatrice en cas"
                    HPOS="561.0"
                    VPOS="2514.0"
                    WIDTH="1595.0"
                    HEIGHT="140.0"></String>
          </TextLine>
          <TextLine ID="eSc_line_9b478c85"
                    TAGREFS="LT8"
                    BASELINE="555 2727 1322 2677 2138 2686" 
                    HPOS="552.0"
                    VPOS="2601.0"
                    WIDTH="1586.0"
                    HEIGHT="146.0">
            <Shape><Polygon POINTS="778 2622 696 2648 687 2654 552 2654 555 2727 555 2745 693 2747 696 2747 699 2747 728 2742 816 2718 877 2736 903 2745 906 2745 909 2745 912 2745 947 2736 1029 2707 1272 2704 1293 2718 1295 2718 1298 2718 1301 2718 1304 2718 1307 2718 1307 2715 1322 2701 1436 2701 1465 2718 1465 2721 1468 2721 1471 2721 1614 2727 1617 2727 1620 2727 1649 2712 1673 2704 1696 2712 1728 2724 1731 2724 1734 2724 1737 2724 1740 2724 1740 2721 1752 2709 1764 2698 1787 2709 1810 2721 1813 2721 1816 2721 1898 2718 1901 2718 1904 2718 1916 2707 1922 2704 1924 2707 1942 2718 1945 2718 1948 2718 1951 2718 2138 2698 2138 2686 2132 2619 1904 2622 1901 2622 1869 2601 1866 2601 1863 2601 1860 2601 1857 2601 1854 2601 1828 2622 1766 2601 1764 2601 1761 2601 1758 2601 1702 2628 1699 2628 1696 2628 1626 2601 1623 2601 1620 2601 1494 2625 1480 2613 1480 2610 1477 2610 1474 2610 1471 2610 1468 2610 1410 2625 1389 2607 1386 2607 1383 2607 1380 2607 1322 2610 1319 2610 1316 2610 1316 2613 1290 2636 1287 2636 1278 2636 1064 2616 1061 2616 1059 2616 1009 2642 1003 2645 974 2642 786 2622 778 2622"/></Shape>
	    <String CONTENT="de Vente de la negrésse sera lune de la Remplacer par une autre de meme"
                    HPOS="552.0"
                    VPOS="2601.0"
                    WIDTH="1586.0"
                    HEIGHT="146.0"></String>
          </TextLine>
          <TextLine ID="eSc_line_add4c527"
                    TAGREFS="LT8"
                    BASELINE="549 2823 1342 2768 2138 2774" 
                    HPOS="547.0"
                    VPOS="2692.0"
                    WIDTH="1591.0"
                    HEIGHT="152.0">
            <Shape><Polygon POINTS="549 2823 549 2844 640 2844 643 2844 646 2844 678 2821 716 2841 719 2841 722 2841 743 2841 827 2838 830 2838 927 2806 1006 2832 1009 2832 1012 2832 1015 2832 1018 2832 1018 2829 1044 2800 1108 2800 1187 2826 1190 2826 1193 2826 1199 2826 1392 2791 1541 2806 1544 2806 1547 2806 1550 2806 1585 2785 1670 2785 1705 2809 1708 2809 1711 2809 1714 2809 1720 2809 1942 2785 2135 2794 2138 2774 2135 2704 2120 2695 2118 2695 2115 2695 2112 2695 2003 2712 1963 2692 1960 2692 1957 2692 1954 2692 1907 2715 1857 2701 1854 2701 1851 2701 1848 2701 1813 2718 1728 2704 1726 2704 1609 2721 1524 2695 1521 2695 1518 2695 1164 2704 1161 2704 1158 2704 1129 2730 1067 2712 1064 2712 1061 2712 977 2727 959 2712 956 2712 953 2712 950 2712 947 2712 944 2712 944 2715 924 2733 889 2721 886 2721 883 2721 880 2721 778 2750 775 2753 664 2753 614 2733 611 2733 608 2733 605 2733 547 2753 549 2823"/></Shape>
	    <String CONTENT="Valeur a legard de ladite Maison ladite donatrece ne pourra la vendre"
                    HPOS="547.0"
                    VPOS="2692.0"
                    WIDTH="1591.0"
                    HEIGHT="152.0"></String>
          </TextLine>
          <TextLine ID="eSc_line_60b5b9cc"
                    TAGREFS="LT8"
                    BASELINE="567 2911 1275 2864 2164 2876" 
                    HPOS="564.0"
                    VPOS="2791.0"
                    WIDTH="1600.0"
                    HEIGHT="146.0">
            <Shape><Polygon POINTS="567 2911 567 2937 789 2935 792 2935 795 2935 845 2902 942 2911 944 2911 1061 2891 1143 2911 1146 2911 1149 2911 1152 2911 1155 2911 1155 2908 1176 2888 1421 2885 1524 2911 1527 2911 1530 2911 1532 2911 1535 2911 1585 2882 1655 2920 1658 2920 1661 2920 1664 2920 1667 2920 1673 2920 1775 2885 1816 2917 1819 2917 1822 2917 1825 2917 1828 2917 1831 2917 1889 2891 1968 2914 1974 2914 1977 2914 1980 2914 2164 2908 2164 2876 2159 2815 2018 2815 1927 2791 1924 2791 1922 2791 1802 2818 1629 2791 1626 2791 1623 2791 1559 2823 1515 2794 1512 2794 1509 2794 1459 2794 1456 2794 1453 2794 1451 2794 1451 2797 1430 2815 1389 2797 1386 2797 1383 2797 1380 2797 1322 2815 1263 2797 1260 2797 1257 2797 1255 2797 1252 2797 1217 2826 1184 2800 1181 2800 1178 2800 1064 2800 1061 2800 1059 2800 988 2835 766 2835 719 2818 716 2818 713 2818 564 2841 567 2911"/></Shape>
	    <String CONTENT="que du Consentement de ladite Marie Rose Son Jntention netant que"
                    HPOS="564.0"
                    VPOS="2791.0"
                    WIDTH="1600.0"
                    HEIGHT="146.0"></String>
          </TextLine>
          <TextLine ID="eSc_line_435b4a36"
                    TAGREFS="LT8"
                    BASELINE="570 3005 1202 2958 1802 2952" 
                    HPOS="564.0"
                    VPOS="2870.0"
                    WIDTH="1238.0"
                    HEIGHT="164.0">
            <Shape><Polygon POINTS="643 2908 640 2908 637 2908 634 2908 631 2908 631 2911 602 2940 564 2940 570 3005 570 3034 702 3025 705 3025 707 3025 748 2999 889 3022 901 3022 903 3022 906 3022 912 3019 974 2987 1029 3008 1032 3008 1035 3008 1038 3008 1111 2978 1442 2975 1468 2990 1474 2996 1477 2996 1480 2996 1483 2996 1486 2996 1489 2996 1497 2990 1532 2967 1562 2987 1565 2990 1568 2990 1570 2990 1573 2990 1802 2973 1802 2952 1796 2888 1436 2870 1433 2870 1430 2870 1380 2891 1260 2879 1257 2879 1255 2879 1252 2879 1252 2882 1225 2902 965 2891 962 2891 959 2891 880 2926 827 2899 824 2899 822 2899 819 2899 757 2932 757 2935 731 2935 690 2935 646 2908 643 2908"/></Shape>
	    <String CONTENT="Ladite Rosalie profite seule de Sa [[le tout]] Liberté"
                    HPOS="564.0"
                    VPOS="2870.0"
                    WIDTH="1238.0"
                    HEIGHT="164.0"></String>
          </TextLine>
          <TextLine ID="eSc_line_18cf8528"
                    TAGREFS="LT8"
                    BASELINE="675 3084 1293 3057 2132 3063" 
                    HPOS="672.0"
                    VPOS="2967.0"
                    WIDTH="1460.0"
                    HEIGHT="143.0">
            <Shape><Polygon POINTS="760 2993 731 2993 702 2996 696 2996 672 3011 675 3084 675 3110 953 3087 997 3107 1000 3107 1003 3110 1067 3110 1067 3107 1070 3107 1073 3107 1073 3104 1094 3087 1214 3107 1228 3107 1231 3107 1234 3107 1237 3107 1290 3084 1471 3104 1489 3104 1492 3104 1494 3104 1497 3104 1550 3081 1670 3081 1688 3095 1690 3095 1693 3095 1696 3095 1699 3095 1749 3081 1775 3101 1778 3101 1781 3101 1784 3101 1799 3101 1939 3078 2129 3095 2132 3063 2126 2999 1986 2999 1939 2975 1936 2975 1933 2975 1878 2987 1796 2967 1793 2967 1790 2967 1787 2967 1708 2990 1667 2978 1664 2978 1661 2978 1658 2978 1655 2978 1629 2996 1609 2978 1609 2975 1606 2975 1603 2975 1600 2975 1597 2975 1503 3002 1483 2984 1483 2981 1480 2981 1477 2981 1474 2981 1471 2981 1407 2999 1377 2978 1374 2978 1372 2978 1249 2973 1246 2973 1243 2973 1240 2973 1240 2975 1208 3005 1167 2987 1164 2987 1161 2987 1158 2987 1108 3011 898 3011 865 2990 863 2990 860 2990 857 2990 854 2990 851 2990 822 3011 772 2990 760 2993"/></Shape>
	    <String CONTENT="Pour faire même Ces presentes les parties ont donné pouvoir au"
                    HPOS="672.0"
                    VPOS="2967.0"
                    WIDTH="1460.0"
                    HEIGHT="143.0"></String>
          </TextLine>
          <TextLine ID="eSc_line_9d383b93"
                    TAGREFS="LT8"
                    BASELINE="567 3171 886 3148 1225 3142" 
                    HPOS="561.0"
                    VPOS="3075.0"
                    WIDTH="664.0"
                    HEIGHT="134.0">
            <Shape><Polygon POINTS="567 3171 567 3209 605 3209 608 3209 611 3209 611 3206 637 3180 746 3201 763 3203 766 3203 769 3203 781 3198 833 3171 871 3192 877 3198 880 3198 883 3198 886 3198 933 3195 936 3195 939 3195 944 3189 971 3165 1018 3183 1029 3186 1032 3186 1035 3186 1038 3186 1053 3180 1088 3163 1155 3163 1173 3171 1193 3183 1196 3183 1199 3183 1202 3183 1205 3183 1225 3168 1225 3142 1217 3095 1149 3095 1105 3075 1102 3075 1099 3075 1097 3075 1094 3075 1094 3078 1070 3098 982 3081 980 3081 977 3081 936 3104 930 3107 807 3110 801 3107 766 3089 763 3089 760 3089 693 3092 690 3092 687 3092 658 3113 652 3116 637 3113 590 3101 588 3101 585 3101 582 3101 561 3110 567 3171"/></Shape>
	    <String CONTENT="porteur dune expedition dicelle"
                    HPOS="561.0"
                    VPOS="3075.0"
                    WIDTH="664.0"
                    HEIGHT="134.0"></String>
          </TextLine>
          <TextLine ID="eSc_line_310ff9b9"
                    TAGREFS="LT8"
                    BASELINE="763 3227 2112 3218" 
                    HPOS="760.0"
                    VPOS="3139.0"
                    WIDTH="1352.0"
                    HEIGHT="126.0">
            <Shape><Polygon POINTS="819 3154 789 3157 784 3157 760 3171 763 3227 766 3265 824 3244 1056 3259 1158 3265 1161 3265 1164 3265 1167 3265 1178 3256 1196 3247 1255 3256 1313 3262 1316 3262 1372 3253 1427 3241 1448 3250 1474 3262 1477 3262 1480 3262 1483 3262 1506 3250 1521 3241 1544 3247 1591 3262 1594 3262 1597 3262 1600 3262 1603 3262 1623 3247 1632 3241 1667 3244 1731 3253 1734 3253 1737 3253 1740 3253 1752 3244 1764 3239 2003 3239 2006 3239 2062 3259 2065 3259 2068 3259 2071 3259 2112 3236 2112 3218 2109 3157 2080 3142 2077 3142 2074 3142 2071 3142 2068 3142 2044 3157 2036 3163 2021 3157 2001 3151 1998 3151 1995 3151 1992 3151 1968 3160 1951 3165 1942 3160 1933 3151 1930 3151 1927 3151 1924 3151 1922 3151 1904 3160 1898 3163 1875 3160 1720 3139 1717 3139 1714 3139 1711 3139 1693 3154 1661 3139 1658 3139 1655 3139 1322 3168 1313 3168 1310 3168 1275 3142 1272 3142 1269 3142 1222 3142 1219 3142 1217 3142 1214 3142 1173 3171 1170 3171 1158 3171 997 3157 994 3157 991 3157 988 3157 988 3160 974 3174 883 3174 833 3151 819 3154"/></Shape>
	    <String CONTENT="Pour Hexecution des presentes les parties ont elu leur"
                    HPOS="760.0"
                    VPOS="3139.0"
                    WIDTH="1352.0"
                    HEIGHT="126.0"></String>
          </TextLine>
          <TextLine ID="eSc_line_7c9090b4"
                    TAGREFS="LT8"
                    BASELINE="570 3320 1114 3306 2074 3312" 
                    HPOS="570.0"
                    VPOS="3233.0"
                    WIDTH="1504.0"
                    HEIGHT="143.0">
            <Shape><Polygon POINTS="570 3361 716 3373 719 3373 722 3373 743 3361 775 3347 848 3350 860 3361 868 3370 868 3373 871 3373 874 3373 877 3376 1061 3376 1061 3373 1064 3373 1094 3361 1132 3347 1208 3347 1228 3361 1243 3373 1246 3373 1249 3373 1252 3376 1322 3376 1322 3373 1325 3373 1351 3361 1374 3350 1404 3361 1433 3373 1436 3373 1439 3376 1570 3376 1570 3373 1573 3373 1606 3361 1641 3347 1693 3347 1711 3361 1717 3364 1717 3367 1720 3367 1723 3367 1726 3367 1728 3367 1746 3361 1778 3347 1854 3361 1898 3367 1901 3367 1904 3367 1922 3361 1957 3347 2068 3358 2074 3312 2071 3259 1910 3233 1907 3233 1904 3233 1901 3233 1884 3247 1854 3233 1851 3233 1848 3233 1845 3233 1843 3233 1810 3253 1807 3256 1805 3253 1766 3233 1764 3233 1661 3233 1658 3233 1655 3233 1652 3233 1629 3250 1620 3256 1559 3256 1556 3250 1538 3236 1538 3233 1535 3233 1532 3233 1401 3233 1398 3233 1395 3233 1392 3233 1374 3247 1360 3259 1269 3259 1249 3244 1228 3236 1225 3236 1222 3236 1170 3244 1102 3256 985 3241 909 3233 906 3233 903 3233 901 3233 901 3236 895 3241 877 3256 822 3239 819 3239 816 3239 813 3239 810 3239 807 3239 748 3256 722 3239 719 3239 716 3239 713 3239 617 3256 570 3236 570 3320 570 3361"/></Shape>
	    <String CONTENT="donation irrevocablement et demeure susdit cronquet leur nonobstant"
                    HPOS="570.0"
                    VPOS="3233.0"
                    WIDTH="1504.0"
                    HEIGHT="143.0"></String>
          </TextLine>
        </TextBlock>
        <TextBlock HPOS="405"
                   VPOS="3327"
                   WIDTH="156"
                   HEIGHT="138"
                   ID="eSc_textblock_cbf3f29e"
                   TAGREFS="BT56">
          <Shape><Polygon POINTS="405 3337 407 3465 561 3465 550 3327"/></Shape>
          <TextLine ID="eSc_line_7c8a4b6e"
                    TAGREFS="LT8"
                    BASELINE="431 3437 537 3437" 
                    HPOS="430.0"
                    VPOS="3288.0"
                    WIDTH="105.0"
                    HEIGHT="173.0">
            <Shape><Polygon POINTS="430 3461 535 3461 535 3434 535 3315 432 3288 430 3434 430 3461"/></Shape>
	    <String CONTENT="16"
                    HPOS="430.0"
                    VPOS="3288.0"
                    WIDTH="105.0"
                    HEIGHT="173.0"></String>
          </TextLine>
        </TextBlock>
        <TextBlock HPOS="1846"
                   VPOS="4"
                   WIDTH="388"
                   HEIGHT="73"
                   ID="eSc_textblock_768226e9"
                   TAGREFS="BT55">
          <Shape><Polygon POINTS="1846 4 1877 77 2234 69 2224 7 1982 13"/></Shape>
        </TextBlock>
        <TextBlock HPOS="1933"
                   VPOS="76"
                   WIDTH="235"
                   HEIGHT="77"
                   ID="eSc_textblock_fba0f764"
                   TAGREFS="BT57">
          <Shape><Polygon POINTS="1940 153 1933 76 2168 76 2164 153 2010 153"/></Shape>
        </TextBlock>
      </PrintSpace>
    </Page>
  </Layout>
</alto>
