<?xml version="1.0" encoding="UTF-8"?>
<alto xmlns:xsi="http://www.w3.org/2001/XMLSchema-instance"
      xmlns="http://www.loc.gov/standards/alto/ns-v4#"
      xsi:schemaLocation="http://www.loc.gov/standards/alto/ns-v4# http://www.loc.gov/standards/alto/v4/alto-4-2.xsd">
  <Description>
    <MeasurementUnit>pixel</MeasurementUnit>
    <sourceImageInformation>
      <fileName>JK11_1__recadre1.pdf_page_2.png</fileName>
      
    </sourceImageInformation>
  </Description>
  
  <Tags>
    <OtherTag ID="BT1929" LABEL="DigitizationArtefactZone:fingers" DESCRIPTION="block type DigitizationArtefactZone:fingers"/><OtherTag ID="BT1930" LABEL="MainZone" DESCRIPTION="block type MainZone"/><OtherTag ID="BT1931" LABEL="MarginTextZone" DESCRIPTION="block type MarginTextZone"/><OtherTag ID="BT1932" LABEL="NumberingZone:page" DESCRIPTION="block type NumberingZone:page"/><OtherTag ID="BT1933" LABEL="NumberingZone:folio" DESCRIPTION="block type NumberingZone:folio"/><OtherTag ID="BT1934" LABEL="NumberingZone:document" DESCRIPTION="block type NumberingZone:document"/><OtherTag ID="BT1935" LABEL="CustomZone:paraph" DESCRIPTION="block type CustomZone:paraph"/><OtherTag ID="BT1941" LABEL="CustomZone:closer" DESCRIPTION="block type CustomZone:closer"/><OtherTag ID="BT1942" LABEL="CustomZone:opener" DESCRIPTION="block type CustomZone:opener"/>
    <OtherTag ID="LT777" LABEL="DefaultLine" DESCRIPTION="line type DefaultLine"/><OtherTag ID="LT778" LABEL="HeadingLine" DESCRIPTION="line type HeadingLine"/><OtherTag ID="LT779" LABEL="InterlinearZone" DESCRIPTION="line type InterlinearZone"/>
  </Tags>
  
  <Layout>
    <Page WIDTH="1814"
          HEIGHT="3508"
          PHYSICAL_IMG_NR="1"
          ID="eSc_dummypage_">
      <PrintSpace HPOS="0"
                  VPOS="0"
                  WIDTH="1814"
                  HEIGHT="3508">
        
        <TextBlock HPOS="1403"
                   VPOS="3"
                   WIDTH="294"
                   HEIGHT="87"
                   ID="eSc_textblock_87592491"
                   TAGREFS="BT1933">
          <Shape><Polygon POINTS="1403 3 1403 90 1632 75 1692 76 1697 5"/></Shape>
          
          
          <TextLine ID="eSc_line_1002cfe4"
                    TAGREFS="LT777"
                    BASELINE="1383 67 1778 58" 
                    HPOS="1380"
                    VPOS="2"
                    WIDTH="398"
                    HEIGHT="109">
            <Shape><Polygon POINTS="1764 2 1600 2 1585 2 1556 2 1527 2 1498 5 1468 5 1439 8 1410 8 1380 20 1383 67 1383 90 1427 111 1430 111 1433 111 1436 111 1492 96 1515 90 1585 90 1594 99 1606 108 1606 111 1609 111 1612 111 1615 111 1778 105 1778 58 1773 8 1764 2"/></Shape>
	    <String CONTENT="troisieme feuillet"
                    HPOS="1380"
                    VPOS="2"
                    WIDTH="398"
                    HEIGHT="109"></String>
          </TextLine>

          
        </TextBlock>
        
        <TextBlock HPOS="151"
                   VPOS="80"
                   WIDTH="1663"
                   HEIGHT="3144"
                   ID="eSc_textblock_0679428c"
                   TAGREFS="BT1930">
          <Shape><Polygon POINTS="151 80 175 3224 1803 3203 1814 108 1401 102 1213 87"/></Shape>
          
          
          <TextLine ID="eSc_line_7fb45488"
                    TAGREFS="LT777"
                    BASELINE="166 134 1784 140" 
                    HPOS="163"
                    VPOS="73"
                    WIDTH="1621"
                    HEIGHT="96">
            <Shape><Polygon POINTS="1275 76 1246 78 1217 81 1196 81 1167 87 1158 87 1149 81 1129 81 1100 81 1070 81 1041 81 1012 81 983 81 953 84 924 84 904 84 895 84 866 84 836 84 807 84 778 84 749 84 719 84 690 87 661 87 631 87 602 87 573 87 544 87 514 87 485 87 456 87 427 87 397 90 368 90 339 90 310 90 280 90 251 90 222 90 193 90 166 90 166 134 163 157 277 149 333 160 362 166 365 166 368 166 386 160 421 149 465 160 488 166 491 166 494 166 497 166 500 166 509 160 526 149 558 160 579 166 582 166 585 166 588 166 591 166 591 163 596 160 608 149 675 149 719 157 749 166 751 166 754 166 757 166 760 166 769 157 781 149 927 149 939 157 945 163 947 163 950 163 1348 169 1351 169 1442 154 1471 152 1495 154 1588 169 1591 169 1781 152 1784 140 1781 90 1287 73 1275 76"/></Shape>
	    <String CONTENT="et Soussignée, fut présent Pierre Hector Citoyen de Couleur charpentier"
                    HPOS="163"
                    VPOS="73"
                    WIDTH="1621"
                    HEIGHT="96"></String>
          </TextLine>

          
          
          <TextLine ID="eSc_line_a657603d"
                    TAGREFS="LT777"
                    BASELINE="166 210 1784 198" 
                    HPOS="163"
                    VPOS="137"
                    WIDTH="1621"
                    HEIGHT="88">
            <Shape><Polygon POINTS="1480 140 1451 140 1442 140 1427 154 1386 154 1342 154 1337 154 1269 140 1266 140 1263 140 1261 140 1240 154 1237 157 1021 157 1021 154 980 137 962 137 962 140 945 157 942 157 904 157 602 140 599 140 596 140 561 154 263 143 260 143 163 157 166 210 166 225 1781 216 1784 198 1778 154 1538 154 1483 140 1480 140"/></Shape>
	    <String CONTENT="et habitant audit Canton des Pamplemousses présentement domicilié sur"
                    HPOS="163"
                    VPOS="137"
                    WIDTH="1621"
                    HEIGHT="88"></String>
          </TextLine>

          
          
          <TextLine ID="eSc_line_cb04fff9"
                    TAGREFS="LT777"
                    BASELINE="163 283 807 263 1767 257" 
                    HPOS="160"
                    VPOS="201"
                    WIDTH="1607"
                    HEIGHT="105">
            <Shape><Polygon POINTS="1565 201 1536 201 1506 201 1477 201 1448 201 1419 201 1389 201 1360 204 1351 204 1322 210 1284 204 1272 204 1243 204 1214 204 1208 204 1190 213 1187 216 915 216 912 216 883 207 863 207 833 207 825 216 804 207 775 207 746 207 716 207 690 207 602 216 547 207 541 210 512 210 491 210 476 222 447 210 424 210 394 210 365 210 336 210 307 210 277 210 248 210 225 210 160 225 163 283 163 306 491 289 512 298 517 301 520 301 523 301 526 301 529 301 532 298 544 286 561 298 570 301 573 301 576 301 579 301 582 301 588 298 608 283 722 292 754 295 757 295 760 295 763 295 766 292 787 280 842 289 874 295 877 295 927 289 991 277 1021 286 1047 292 1050 292 1053 292 1056 292 1091 283 1120 277 1143 283 1193 292 1196 292 1199 292 1222 280 1234 274 1363 277 1735 283 1737 283 1740 283 1743 283 1767 266 1767 257 1761 207 1582 201 1565 201"/></Shape>
	    <String CONTENT="Son Etablissement Situé Sur la plaine qui avoisine l&#39;Eglise du dit."
                    HPOS="160"
                    VPOS="201"
                    WIDTH="1607"
                    HEIGHT="105"></String>
          </TextLine>

          
          
          <TextLine ID="eSc_line_6d660a40"
                    TAGREFS="LT777"
                    BASELINE="166 347 1799 318" 
                    HPOS="163"
                    VPOS="260"
                    WIDTH="1636"
                    HEIGHT="114">
            <Shape><Polygon POINTS="1538 260 1509 260 1480 260 1451 260 1442 260 1395 271 1325 260 1304 260 1278 260 1228 274 1105 263 1103 263 1100 263 1053 277 1024 263 1021 263 1018 263 1015 263 974 280 848 266 845 266 611 283 517 271 514 274 485 274 456 274 427 277 415 277 163 295 166 347 166 374 403 356 550 365 591 368 593 368 596 368 608 365 658 350 728 362 751 365 754 365 757 365 775 362 830 347 883 359 907 362 909 362 912 362 933 356 988 344 1082 353 1141 359 1143 359 1146 359 1173 350 1211 342 1261 350 1304 356 1307 356 1348 347 1389 339 1421 344 1459 353 1462 353 1506 344 1541 336 1565 342 1591 350 1594 350 1597 350 1799 336 1799 318 1793 268 1541 260 1538 260"/></Shape>
	    <String CONTENT="Canton où ledit notaire s&#39;est exprès transporté à sa réquisition avec"
                    HPOS="163"
                    VPOS="260"
                    WIDTH="1636"
                    HEIGHT="114"></String>
          </TextLine>

          
          
          <TextLine ID="eSc_line_36cd62fd"
                    TAGREFS="LT777"
                    BASELINE="160 412 1752 391" 
                    HPOS="157"
                    VPOS="324"
                    WIDTH="1595"
                    HEIGHT="117">
            <Shape><Polygon POINTS="1495 324 1492 324 1489 324 1454 342 1413 327 1389 327 1372 344 1249 347 1225 330 1211 330 1182 330 1152 330 1123 333 1094 333 1064 333 1041 333 983 350 953 336 947 336 918 336 915 336 889 344 860 336 860 336 830 336 801 339 772 339 751 339 734 356 649 356 631 339 626 342 596 342 579 356 356 344 333 344 304 347 275 347 245 347 216 347 210 347 157 362 160 412 160 418 210 441 213 441 216 441 219 441 257 423 342 441 345 441 348 441 403 418 430 441 433 441 435 441 438 441 441 441 444 441 468 426 631 438 634 438 637 438 640 438 670 415 710 415 737 415 772 429 775 429 778 429 781 429 833 415 842 412 863 415 1038 435 1041 435 1044 435 1123 412 1126 412 1152 412 1658 426 1661 426 1752 406 1752 391 1746 344 1538 344 1498 324 1495 324"/></Shape>
	    <String CONTENT="lesdits témoins, lequel étant dans sa maison malade de corps"
                    HPOS="157"
                    VPOS="324"
                    WIDTH="1595"
                    HEIGHT="117"></String>
          </TextLine>

          
          
          <TextLine ID="eSc_line_a9095139"
                    TAGREFS="LT777"
                    BASELINE="166 476 1787 467" 
                    HPOS="163"
                    VPOS="394"
                    WIDTH="1624"
                    HEIGHT="97">
            <Shape><Polygon POINTS="1421 397 1392 397 1363 397 1334 397 1304 397 1275 400 1246 400 1217 400 1193 400 1073 415 994 423 980 415 965 403 962 403 959 403 953 403 924 403 895 403 866 403 836 406 807 406 778 406 751 406 722 418 699 426 681 418 661 409 658 409 655 409 652 409 617 418 585 426 564 418 541 409 538 409 535 409 465 420 424 426 415 420 400 409 397 409 368 412 356 412 345 420 333 426 163 423 166 476 166 488 1781 491 1787 467 1784 409 1755 394 1752 394 1749 394 1746 394 1705 409 1679 420 1559 420 1541 412 1524 397 1521 397 1518 397 1515 397 1512 397 1477 412 1468 415 1465 412 1445 397 1421 397"/></Shape>
	    <String CONTENT="mais néanmoins sain d&#39;Esprit mémoire et Entendement ainsi qu&#39;il"
                    HPOS="163"
                    VPOS="394"
                    WIDTH="1624"
                    HEIGHT="97"></String>
          </TextLine>

          
          
          <TextLine ID="eSc_line_82879a13"
                    TAGREFS="LT777"
                    BASELINE="163 546 1784 540" 
                    HPOS="160"
                    VPOS="470"
                    WIDTH="1624"
                    HEIGHT="91">
            <Shape><Polygon POINTS="1518 470 1515 470 1512 470 1509 470 1506 470 1483 488 1480 491 1307 491 1299 485 1261 470 1243 473 1214 473 1184 473 1155 473 1126 473 1097 473 1067 473 1038 473 1009 473 980 473 950 473 939 473 912 482 895 488 871 482 830 473 804 473 775 473 746 473 737 473 640 482 617 482 605 482 579 476 570 476 541 476 512 476 509 476 500 479 471 491 160 479 163 546 163 561 1781 561 1784 540 1778 491 1547 491 1544 488 1521 470 1518 470"/></Shape>
	    <String CONTENT="est apparu aux dit Notaire et témoins Soussignés par ses paroles"
                    HPOS="160"
                    VPOS="470"
                    WIDTH="1624"
                    HEIGHT="91"></String>
          </TextLine>

          
          
          <TextLine ID="eSc_line_781361ae"
                    TAGREFS="LT777"
                    BASELINE="160 622 693 610 1787 616" 
                    HPOS="157"
                    VPOS="543"
                    WIDTH="1630"
                    HEIGHT="97">
            <Shape><Polygon POINTS="1357 543 1328 543 1299 543 1269 543 1240 543 1211 543 1182 543 1158 543 1132 558 1126 561 1103 558 1024 543 1006 543 977 543 947 546 918 546 889 546 860 546 830 546 801 546 772 546 743 546 713 546 684 546 655 546 637 546 629 555 620 561 602 555 582 546 567 546 561 546 552 555 544 561 485 552 433 546 421 546 397 546 386 552 368 561 354 552 339 546 333 546 315 546 301 552 277 561 254 552 239 546 216 546 187 546 160 549 160 622 157 637 479 625 579 637 623 640 626 640 629 640 631 640 631 637 634 634 646 625 1050 631 1761 640 1764 640 1767 640 1770 640 1784 622 1787 616 1784 564 1383 561 1363 543 1357 543"/></Shape>
	    <String CONTENT="et ations dans la vüe de la mort craignant d&#39;en être prevenu avant"
                    HPOS="157"
                    VPOS="543"
                    WIDTH="1630"
                    HEIGHT="97"></String>
          </TextLine>

          
          
          <TextLine ID="eSc_line_3fb87ab3"
                    TAGREFS="LT777"
                    BASELINE="152 686 1793 692" 
                    HPOS="149"
                    VPOS="613"
                    WIDTH="1644"
                    HEIGHT="114">
            <Shape><Polygon POINTS="1641 616 1612 616 1582 616 1579 616 1574 622 1556 637 1421 637 1407 622 1401 616 1398 616 1395 616 1392 616 1389 616 1386 616 1386 619 1380 622 1369 637 1281 637 1196 625 1108 613 1105 613 1103 613 1100 613 1100 616 1091 625 1079 637 974 637 933 625 880 613 880 613 851 613 839 613 746 625 687 613 675 613 661 613 631 628 623 631 620 628 605 613 588 613 558 613 529 616 500 616 471 616 447 616 409 628 397 631 389 628 362 619 354 619 324 619 295 619 266 622 245 622 152 628 152 686 149 698 272 724 275 727 339 727 339 724 342 724 345 724 345 722 365 704 552 704 552 707 593 724 596 724 599 724 828 713 971 704 1161 704 1187 719 1211 727 1214 727 1217 727 1220 727 1252 719 1284 710 1304 719 1316 724 1319 724 1322 724 1413 722 1641 713 1691 727 1696 727 1699 727 1702 727 1705 727 1708 727 1729 710 1784 727 1793 692 1793 622 1658 616 1641 616"/></Shape>
	    <String CONTENT="d&#39;avoir mis ordre à ses affaires, considérant que n&#39;ayant par d&#39;enfant"
                    HPOS="149"
                    VPOS="613"
                    WIDTH="1644"
                    HEIGHT="114"></String>
          </TextLine>

          
          
          <TextLine ID="eSc_line_c6fe6eec"
                    TAGREFS="LT777"
                    BASELINE="155 760 1787 768" 
                    HPOS="152"
                    VPOS="689"
                    WIDTH="1635"
                    HEIGHT="114">
            <Shape><Polygon POINTS="1661 692 1658 692 1656 692 1506 713 1495 713 1483 713 1284 692 1281 692 1278 692 1225 710 1205 692 1184 692 1138 710 1097 692 1091 692 1073 692 1044 704 1029 692 1003 692 974 692 945 689 915 689 886 689 857 689 851 689 848 689 845 689 772 710 763 710 479 710 479 707 459 689 447 689 438 689 386 707 380 707 155 707 155 760 152 795 473 798 476 798 479 798 485 795 526 777 567 795 576 798 579 798 582 798 629 795 789 780 927 780 942 792 942 795 945 795 947 795 950 795 953 795 959 792 991 780 1003 792 1009 798 1009 800 1012 800 1015 800 1018 800 1088 792 1193 780 1222 792 1249 803 1252 803 1255 803 1372 792 1459 783 1498 792 1550 803 1553 803 1556 803 1579 792 1591 786 1617 792 1679 803 1682 803 1784 789 1787 768 1784 716 1685 716 1685 713 1664 695 1664 692 1661 692"/></Shape>
	    <String CONTENT="de son mariage et que venant a décéder sa sucession tomberait entre les"
                    HPOS="152"
                    VPOS="689"
                    WIDTH="1635"
                    HEIGHT="114"></String>
          </TextLine>

          
          
          <TextLine ID="eSc_line_725eed9e"
                    TAGREFS="LT777"
                    BASELINE="172 841 1790 833" 
                    HPOS="169"
                    VPOS="765"
                    WIDTH="1621"
                    HEIGHT="109">
            <Shape><Polygon POINTS="1778 780 1553 783 1547 780 1521 768 1515 768 1489 768 1474 780 1474 783 1026 786 1006 768 1006 765 1003 765 1000 765 997 765 801 780 757 765 754 765 751 765 593 783 514 768 512 768 509 768 444 786 371 768 368 768 365 768 169 792 172 841 172 853 623 874 626 874 719 853 725 853 904 853 921 868 921 871 924 871 927 871 930 871 933 871 936 871 959 853 962 853 1225 853 1240 865 1240 868 1243 868 1246 868 1249 871 1457 871 1457 868 1459 868 1492 850 1495 850 1524 850 1749 868 1752 868 1755 868 1790 850 1790 833 1787 830 1778 780"/></Shape>
	    <String CONTENT="mains des Etrangers attendu qu&#39;il n&#39;a aucun parent connu pourquoi"
                    HPOS="169"
                    VPOS="765"
                    WIDTH="1621"
                    HEIGHT="109"></String>
          </TextLine>

          
          
          <TextLine ID="eSc_line_2609b638"
                    TAGREFS="LT777"
                    BASELINE="169 909 1775 900" 
                    HPOS="166"
                    VPOS="841"
                    WIDTH="1609"
                    HEIGHT="100">
            <Shape><Polygon POINTS="169 909 172 941 242 923 397 923 412 938 412 941 415 941 418 941 421 941 438 941 591 923 678 938 699 941 702 941 705 941 713 938 766 920 787 935 789 935 792 935 795 935 912 920 936 938 939 938 942 938 945 938 977 935 1152 920 1176 935 1179 938 1182 938 1184 938 1187 938 1190 938 1205 935 1266 917 1345 935 1360 935 1363 935 1380 932 1471 917 1541 932 1559 935 1562 935 1773 929 1775 900 1767 853 1562 856 1550 853 1518 841 1515 841 1512 841 1436 853 1421 856 1413 853 1375 841 1372 841 1369 841 1366 841 1363 841 1363 844 1351 856 1348 859 1182 859 1176 856 1152 844 1149 844 1146 844 1091 856 1079 859 1067 856 1018 841 1015 841 1012 841 1009 841 956 859 947 859 942 859 868 841 866 841 863 841 795 859 789 859 787 859 708 841 705 841 702 841 699 841 699 844 678 859 678 862 675 859 637 844 634 844 631 844 629 844 626 844 605 862 599 865 520 865 517 862 476 844 473 844 236 844 234 844 231 844 166 862 169 909"/></Shape>
	    <String CONTENT="voulant en disposer en faveur des personnes sur lesquelles porte"
                    HPOS="166"
                    VPOS="841"
                    WIDTH="1609"
                    HEIGHT="100"></String>
          </TextLine>

          
          
          <TextLine ID="eSc_line_19a11972"
                    TAGREFS="LT777"
                    BASELINE="169 982 1682 967" 
                    HPOS="166"
                    VPOS="903"
                    WIDTH="1516"
                    HEIGHT="114">
            <Shape><Polygon POINTS="1498 903 1495 903 1492 903 1468 909 1421 920 1366 912 1334 906 1331 906 1328 906 1325 906 1325 909 1319 912 1307 923 1240 912 1205 909 1202 909 1143 915 1064 923 1053 917 1044 909 1041 909 1038 909 1035 909 1032 909 1015 917 994 926 939 917 863 909 860 909 798 920 760 929 696 923 602 915 599 915 596 915 550 926 538 929 532 926 512 912 509 912 506 912 503 912 500 912 465 929 456 932 447 929 415 915 412 915 257 915 254 915 166 932 169 982 169 1017 471 993 591 1011 605 1011 608 1011 634 1008 801 991 1000 991 1018 1002 1026 1008 1029 1008 1032 1008 1035 1008 1038 1008 1064 1002 1114 988 1141 999 1152 1005 1155 1005 1158 1005 1161 1005 1184 999 1222 988 1249 996 1269 1005 1272 1005 1275 1005 1679 988 1682 967 1673 906 1571 920 1518 909 1500 903 1498 903"/></Shape>
	    <String CONTENT="son affection, il a par ces présentes et par forme de dispositions"
                    HPOS="166"
                    VPOS="903"
                    WIDTH="1516"
                    HEIGHT="114"></String>
          </TextLine>

          
          
          <TextLine ID="eSc_line_fbd81d9c"
                    TAGREFS="LT777"
                    BASELINE="169 1055 1764 1034" 
                    HPOS="166"
                    VPOS="970"
                    WIDTH="1598"
                    HEIGHT="111">
            <Shape><Polygon POINTS="1571 970 1541 970 1512 970 1509 970 1465 985 1454 988 1436 985 1366 973 1337 973 1334 973 1316 988 1313 988 1301 988 1187 973 1184 973 1182 973 1179 973 1161 988 1126 973 1123 973 1120 973 1117 973 1073 991 1064 996 754 996 740 996 649 979 646 979 643 979 573 996 567 999 564 996 552 988 552 985 550 985 547 985 544 985 541 985 517 996 418 982 415 982 166 1002 169 1055 169 1067 248 1081 251 1081 412 1067 441 1064 462 1067 550 1078 552 1078 678 1064 710 1061 737 1064 848 1075 851 1075 854 1075 883 1061 892 1058 909 1061 965 1072 968 1072 971 1072 1015 1061 1029 1058 1073 1061 1222 1069 1225 1069 1281 1058 1313 1052 1761 1052 1764 1034 1758 982 1571 970 1571 970"/></Shape>
	    <String CONTENT="testamentaires fait, dicté et nommé au Citoyen Bombard Notaire"
                    HPOS="166"
                    VPOS="970"
                    WIDTH="1598"
                    HEIGHT="111"></String>
          </TextLine>

          
          
          <TextLine ID="eSc_line_69813948"
                    TAGREFS="LT777"
                    BASELINE="175 1122 1761 1102" 
                    HPOS="172"
                    VPOS="1049"
                    WIDTH="1589"
                    HEIGHT="102">
            <Shape><Polygon POINTS="175 1122 175 1134 225 1151 228 1151 231 1151 424 1137 579 1148 582 1148 585 1148 629 1131 631 1131 848 1145 851 1145 854 1145 857 1145 857 1143 874 1128 874 1125 1135 1125 1138 1125 1196 1140 1199 1140 1202 1140 1205 1140 1208 1140 1231 1125 1357 1137 1360 1137 1363 1137 1366 1137 1366 1134 1380 1122 1392 1122 1606 1134 1609 1134 1761 1116 1761 1102 1752 1049 172 1067 175 1122"/></Shape>
	    <String CONTENT="en présence des témoins cy après nommés ses volontés les quelles"
                    HPOS="172"
                    VPOS="1049"
                    WIDTH="1589"
                    HEIGHT="102"></String>
          </TextLine>

          
          
          <TextLine ID="eSc_line_55c13497"
                    TAGREFS="LT777"
                    BASELINE="178 1192 1796 1181" 
                    HPOS="172"
                    VPOS="1105"
                    WIDTH="1642"
                    HEIGHT="119">
            <Shape><Polygon POINTS="1380 1105 1331 1128 1263 1107 1261 1107 1258 1107 1255 1107 1179 1128 1149 1107 1146 1107 1143 1107 1138 1107 1108 1107 1079 1107 1050 1110 1021 1110 1018 1110 971 1134 889 1134 871 1116 871 1113 868 1113 866 1113 863 1113 860 1113 857 1113 828 1134 705 1134 664 1113 640 1113 611 1116 582 1116 555 1116 172 1137 175 1189 175 1204 231 1224 234 1224 236 1224 239 1224 242 1224 272 1204 339 1204 652 1204 655 1204 693 1221 696 1221 699 1224 836 1224 836 1221 839 1221 842 1221 860 1204 863 1204 866 1204 930 1221 933 1221 936 1221 1076 1204 1123 1201 1261 1201 1263 1204 1275 1216 1275 1219 1278 1219 1281 1219 1284 1219 1398 1204 1462 1198 1477 1204 1500 1216 1503 1216 1506 1216 1810 1211 1793 1178 1814 1114 1386 1105 1383 1105"/></Shape>
	    <String CONTENT="il veut et entend être exécutée par sa mort ainsi qu&#39;il suit premierement"
                    HPOS="172"
                    VPOS="1105"
                    WIDTH="1642"
                    HEIGHT="119"></String>
          </TextLine>

          
          
          <TextLine ID="eSc_line_862051fd"
                    TAGREFS="LT777"
                    BASELINE="178 1262 1761 1245" 
                    HPOS="175"
                    VPOS="1186"
                    WIDTH="1586"
                    HEIGHT="103">
            <Shape><Polygon POINTS="1258 1186 1228 1186 1202 1186 1149 1201 1076 1186 1053 1186 1047 1186 1012 1201 883 1189 877 1189 848 1189 836 1189 819 1207 702 1207 678 1189 675 1189 672 1189 643 1189 614 1189 585 1189 555 1192 526 1192 497 1192 468 1192 438 1192 424 1192 397 1204 222 1195 219 1195 216 1195 175 1210 178 1262 178 1280 915 1289 918 1289 921 1289 924 1289 924 1286 933 1280 942 1271 991 1280 1032 1286 1035 1286 1038 1286 1041 1286 1047 1280 1062 1268 1108 1280 1129 1283 1132 1283 1135 1283 1138 1283 1138 1280 1141 1280 1149 1271 1164 1280 1167 1280 1170 1280 1173 1280 1184 1280 1269 1265 1380 1280 1421 1283 1424 1283 1427 1283 1430 1283 1433 1280 1454 1265 1524 1280 1538 1280 1541 1280 1544 1280 1550 1280 1588 1262 1626 1277 1632 1280 1635 1280 1638 1283 1638 1280 1641 1280 1647 1277 1688 1262 1758 1277 1761 1245 1752 1198 1310 1198 1258 1186 1258 1186"/></Shape>
	    <String CONTENT="Veut et entende le testateur que ses dettes s&#39;il s&#39;en trouve, après sa mort"
                    HPOS="175"
                    VPOS="1186"
                    WIDTH="1586"
                    HEIGHT="103"></String>
          </TextLine>

          
          
          <TextLine ID="eSc_line_a2158dab"
                    TAGREFS="LT777"
                    BASELINE="178 1333 1755 1315" 
                    HPOS="175"
                    VPOS="1248"
                    WIDTH="1580"
                    HEIGHT="117">
            <Shape><Polygon POINTS="1609 1248 1594 1248 1527 1262 1521 1262 1498 1262 1278 1251 1258 1251 1228 1254 1199 1254 1176 1254 1082 1265 1047 1268 1024 1265 968 1254 965 1257 942 1257 933 1265 924 1274 801 1274 795 1265 787 1259 787 1257 784 1257 781 1257 778 1257 775 1257 772 1257 757 1265 751 1271 725 1265 684 1259 672 1259 643 1259 614 1259 585 1259 564 1259 175 1268 178 1333 181 1365 266 1341 289 1362 292 1362 295 1362 298 1365 301 1365 400 1365 400 1362 403 1362 406 1362 444 1338 631 1338 684 1356 696 1359 699 1359 702 1359 731 1356 830 1335 863 1353 871 1356 874 1356 877 1356 880 1356 898 1350 968 1333 1135 1347 1158 1347 1161 1347 1176 1344 1255 1330 1325 1341 1369 1350 1372 1350 1375 1350 1407 1341 1439 1330 1594 1327 1615 1335 1629 1347 1632 1347 1635 1347 1638 1347 1755 1333 1755 1315 1749 1262 1632 1248 1609 1248"/></Shape>
	    <String CONTENT="soient payées et torts réparés si aucun Sont avant toutes autres"
                    HPOS="175"
                    VPOS="1248"
                    WIDTH="1580"
                    HEIGHT="117"></String>
          </TextLine>

          
          
          <TextLine ID="eSc_line_ee05be42"
                    TAGREFS="LT777"
                    BASELINE="166 1403 1717 1379" 
                    HPOS="163"
                    VPOS="1318"
                    WIDTH="1554"
                    HEIGHT="117">
            <Shape><Polygon POINTS="1538 1318 1509 1318 1486 1318 1445 1330 1366 1321 1363 1321 1334 1321 1316 1335 1310 1341 1263 1335 1152 1324 1129 1324 1100 1324 988 1338 930 1347 880 1341 784 1327 781 1327 778 1327 749 1341 731 1353 626 1353 617 1344 608 1335 608 1333 605 1333 602 1333 479 1333 476 1333 473 1333 471 1333 471 1335 459 1344 453 1353 374 1353 365 1347 356 1338 356 1335 354 1335 351 1335 348 1335 345 1335 313 1347 289 1356 251 1347 207 1338 204 1338 163 1347 166 1403 166 1435 386 1417 512 1432 550 1435 552 1435 555 1435 564 1429 599 1411 705 1426 743 1432 746 1432 807 1426 950 1406 1138 1406 1167 1417 1184 1423 1187 1423 1190 1426 1278 1426 1278 1423 1281 1423 1301 1414 1331 1400 1714 1403 1717 1379 1711 1333 1547 1318 1538 1318"/></Shape>
	    <String CONTENT="dispositions des Biens qu&#39;il pourra laiser, les quels consistent en la"
                    HPOS="163"
                    VPOS="1318"
                    WIDTH="1554"
                    HEIGHT="117"></String>
          </TextLine>

          
          
          <TextLine ID="eSc_line_27b65997"
                    TAGREFS="LT777"
                    BASELINE="178 1479 1773 1458" 
                    HPOS="175"
                    VPOS="1382"
                    WIDTH="1598"
                    HEIGHT="129">
            <Shape><Polygon POINTS="1658 1382 1656 1382 1653 1382 1533 1406 1503 1385 1500 1385 1498 1385 1492 1385 1462 1385 1433 1385 1404 1385 1375 1385 1345 1385 1316 1388 1301 1388 1269 1414 1129 1388 1111 1388 1094 1406 1076 1391 1073 1391 1070 1391 1053 1391 1024 1391 994 1391 965 1391 936 1394 918 1394 857 1420 807 1394 804 1394 801 1394 798 1394 795 1394 754 1423 614 1423 275 1403 272 1403 269 1403 175 1429 178 1479 178 1502 269 1490 330 1502 386 1511 389 1511 392 1511 438 1499 465 1493 488 1499 526 1508 529 1508 532 1508 535 1508 538 1508 550 1496 558 1490 570 1496 596 1508 599 1508 602 1508 605 1508 608 1508 608 1505 620 1496 629 1485 678 1485 690 1496 699 1502 699 1505 702 1505 705 1505 708 1508 830 1508 830 1505 833 1505 836 1505 836 1502 848 1493 863 1482 912 1490 974 1502 977 1502 1041 1490 1097 1479 1261 1485 1500 1496 1503 1496 1506 1496 1509 1496 1530 1482 1533 1482 1632 1493 1635 1493 1638 1493 1667 1479 1676 1476 1767 1476 1773 1458 1767 1411 1682 1406 1661 1385 1661 1382 1658 1382"/></Shape>
	    <String CONTENT="moitié de ce qui compose la Communauté d&#39;entre lui et la nommée Catherine"
                    HPOS="175"
                    VPOS="1382"
                    WIDTH="1598"
                    HEIGHT="129"></String>
          </TextLine>

          
          
          <TextLine ID="eSc_line_8ef34ede"
                    TAGREFS="LT777"
                    BASELINE="178 1543 1773 1531" 
                    HPOS="175"
                    VPOS="1467"
                    WIDTH="1598"
                    HEIGHT="108">
            <Shape><Polygon POINTS="1000 1470 997 1470 959 1485 845 1473 842 1473 839 1473 836 1473 813 1493 629 1493 582 1476 555 1476 550 1476 441 1493 266 1479 263 1479 234 1479 216 1479 175 1496 178 1543 178 1555 228 1555 231 1558 245 1569 245 1572 248 1572 251 1572 254 1575 354 1575 354 1572 356 1572 359 1572 359 1569 374 1558 377 1555 471 1555 476 1558 494 1572 497 1572 500 1572 503 1572 631 1558 670 1555 716 1558 842 1569 845 1569 848 1569 851 1569 851 1566 860 1558 868 1549 1024 1549 1056 1561 1076 1566 1079 1566 1082 1566 1085 1566 1100 1561 1123 1549 1296 1561 1360 1563 1363 1563 1383 1561 1457 1546 1530 1561 1547 1563 1550 1563 1553 1563 1559 1561 1591 1549 1767 1561 1773 1531 1767 1487 1448 1467 1445 1467 1363 1482 1003 1470 1000 1470"/></Shape>
	    <String CONTENT="Sa femme Etablie par la Constance à défaut de contrat de Mariage"
                    HPOS="175"
                    VPOS="1467"
                    WIDTH="1598"
                    HEIGHT="108"></String>
          </TextLine>

          
          
          <TextLine ID="eSc_line_f6f327b0"
                    TAGREFS="LT777"
                    BASELINE="184 1607 1781 1599" 
                    HPOS="181"
                    VPOS="1534"
                    WIDTH="1600"
                    HEIGHT="103">
            <Shape><Polygon POINTS="1752 1534 1749 1534 1746 1534 1743 1534 1740 1534 1740 1537 1723 1552 1723 1555 1658 1555 1658 1552 1609 1534 1585 1534 1541 1555 1404 1555 1287 1537 1263 1537 1234 1537 1205 1537 1193 1537 1088 1549 1073 1537 1059 1537 1029 1537 1000 1537 971 1540 942 1540 912 1540 883 1540 854 1540 851 1540 833 1558 763 1558 743 1540 737 1540 708 1540 661 1558 476 1543 473 1543 444 1543 415 1543 386 1543 356 1543 351 1543 181 1561 184 1607 184 1622 526 1637 529 1637 754 1625 918 1619 927 1628 933 1631 933 1634 936 1634 939 1634 942 1637 1053 1637 1053 1634 1082 1628 1120 1619 1129 1628 1135 1631 1135 1634 1138 1634 1141 1634 1143 1634 1146 1634 1158 1628 1182 1619 1319 1628 1357 1631 1360 1631 1363 1631 1366 1631 1366 1628 1380 1616 1509 1616 1667 1631 1679 1631 1682 1631 1685 1631 1732 1616 1773 1631 1781 1599 1778 1549 1755 1534 1752 1534"/></Shape>
	    <String CONTENT="la totalité des quels Biens provient de leurs travaux communs depuis"
                    HPOS="181"
                    VPOS="1534"
                    WIDTH="1600"
                    HEIGHT="103"></String>
          </TextLine>

          
          
          <TextLine ID="eSc_line_b9cb19b1"
                    TAGREFS="LT777"
                    BASELINE="181 1675 1740 1660" 
                    HPOS="178"
                    VPOS="1610"
                    WIDTH="1562"
                    HEIGHT="100">
            <Shape><Polygon POINTS="181 1675 181 1695 438 1710 441 1710 538 1692 555 1689 558 1692 573 1704 573 1707 576 1707 579 1707 582 1707 585 1707 629 1692 643 1707 646 1707 649 1707 652 1710 801 1710 801 1707 1378 1683 1389 1683 1395 1683 1600 1698 1603 1698 1606 1698 1641 1680 1670 1698 1673 1698 1676 1698 1679 1698 1682 1698 1740 1677 1740 1660 1735 1613 178 1610 181 1675"/></Shape>
	    <String CONTENT="leur mariage, Comme Cathotique il prie la ditte Catherine Sa femme"
                    HPOS="178"
                    VPOS="1610"
                    WIDTH="1562"
                    HEIGHT="100"></String>
          </TextLine>

          
          
          <TextLine ID="eSc_line_214c7889"
                    TAGREFS="LT777"
                    BASELINE="175 1739 1773 1739" 
                    HPOS="175"
                    VPOS="1675"
                    WIDTH="1598"
                    HEIGHT="111">
            <Shape><Polygon POINTS="175 1739 175 1765 222 1783 225 1783 228 1783 318 1765 348 1762 567 1762 573 1768 605 1783 608 1783 611 1786 737 1786 737 1783 740 1783 743 1783 760 1768 798 1783 801 1783 804 1783 807 1783 848 1768 857 1765 863 1768 883 1783 886 1783 889 1783 892 1786 980 1786 980 1783 983 1783 985 1783 985 1780 1000 1768 1006 1762 1018 1768 1047 1783 1050 1783 1053 1786 1167 1786 1167 1783 1170 1783 1173 1783 1173 1780 1184 1771 1193 1762 1770 1771 1773 1739 1770 1675 175 1680 175 1739"/></Shape>
	    <String CONTENT="de le faire enterrer Chretiennement s&#39;en rapportant à elle entiérement"
                    HPOS="175"
                    VPOS="1675"
                    WIDTH="1598"
                    HEIGHT="111"></String>
          </TextLine>

          
          
          <TextLine ID="eSc_line_70536bf9"
                    TAGREFS="LT777"
                    BASELINE="187 1812 596 1800" 
                    HPOS="184"
                    VPOS="1748"
                    WIDTH="412"
                    HEIGHT="93">
            <Shape><Polygon POINTS="187 1812 187 1841 409 1821 465 1824 564 1832 567 1832 570 1832 573 1832 596 1815 596 1800 588 1748 184 1748 187 1812"/></Shape>
	    <String CONTENT="pour cet Objet."
                    HPOS="184"
                    VPOS="1748"
                    WIDTH="412"
                    HEIGHT="93"></String>
          </TextLine>

          
          
          <TextLine ID="eSc_line_ba7ac148"
                    TAGREFS="LT777"
                    BASELINE="225 1876 1770 1850" 
                    HPOS="222"
                    VPOS="1783"
                    WIDTH="1548"
                    HEIGHT="128">
            <Shape><Polygon POINTS="506 1803 476 1821 462 1806 456 1806 438 1806 406 1821 318 1809 310 1809 280 1812 275 1812 222 1830 225 1876 225 1891 324 1911 327 1911 444 1888 447 1888 485 1908 488 1908 491 1911 567 1911 567 1908 687 1906 690 1906 737 1882 775 1903 778 1903 781 1906 857 1906 857 1903 860 1903 909 1879 936 1900 939 1900 942 1900 945 1900 947 1900 1015 1876 1120 1876 1123 1876 1193 1897 1196 1897 1199 1897 1202 1897 1205 1897 1234 1876 1354 1876 1419 1894 1421 1894 1424 1894 1427 1894 1430 1894 1465 1870 1574 1891 1577 1891 1579 1891 1582 1891 1603 1873 1708 1882 1711 1882 1714 1882 1770 1862 1770 1850 1764 1800 1647 1783 1644 1783 1641 1783 1597 1803 1588 1806 1565 1803 1465 1789 1462 1789 1459 1789 1457 1789 1457 1792 1439 1806 1439 1809 1331 1809 1322 1809 1255 1789 1252 1789 1249 1789 1246 1789 1243 1789 1208 1812 1205 1812 1193 1812 1103 1797 1100 1797 1097 1797 1094 1797 1073 1815 1070 1818 962 1818 962 1815 912 1794 909 1794 907 1794 904 1794 825 1815 740 1797 737 1797 734 1797 731 1797 731 1800 728 1800 716 1815 514 1803 506 1803"/></Shape>
	    <String CONTENT="Ledit testateur ayant chez lui les nomméw françois, pierre, Louis et"
                    HPOS="222"
                    VPOS="1783"
                    WIDTH="1548"
                    HEIGHT="128"></String>
          </TextLine>

          
          
          <TextLine ID="eSc_line_f79fd551"
                    TAGREFS="LT777"
                    BASELINE="187 1952 1761 1917" 
                    HPOS="184"
                    VPOS="1856"
                    WIDTH="1577"
                    HEIGHT="128">
            <Shape><Polygon POINTS="187 1952 187 1984 336 1964 491 1976 503 1976 506 1976 520 1976 708 1955 789 1967 816 1970 819 1970 822 1970 839 1964 883 1952 936 1961 968 1967 971 1967 1079 1958 1237 1941 1468 1941 1474 1946 1486 1955 1489 1955 1492 1955 1495 1955 1761 1935 1761 1917 1752 1856 184 1891 187 1952"/></Shape>
	    <String CONTENT="françoise enfants libres du nommé Cupidon décédé il y a longtemps, les"
                    HPOS="184"
                    VPOS="1856"
                    WIDTH="1577"
                    HEIGHT="128"></String>
          </TextLine>

          
          
          <TextLine ID="eSc_line_7159e1a2"
                    TAGREFS="LT777"
                    BASELINE="184 2011 1764 1976" 
                    HPOS="181"
                    VPOS="1917"
                    WIDTH="1583"
                    HEIGHT="132">
            <Shape><Polygon POINTS="1732 1920 1726 1920 1682 1929 1650 1920 1644 1920 1623 1920 1617 1932 1474 1923 1468 1926 1439 1926 1410 1926 1380 1926 1351 1929 1322 1929 1293 1929 1263 1929 1234 1932 1205 1932 1176 1932 1146 1932 1117 1932 1088 1935 1067 1935 1047 1944 927 1938 912 1938 883 1938 854 1938 825 1941 822 1941 772 1949 751 1944 743 1941 737 1941 708 1944 693 1955 485 1955 471 1952 459 1946 444 1949 415 1949 386 1949 356 1949 327 1949 298 1952 286 1952 181 1958 184 2011 184 2049 336 2025 403 2043 409 2043 412 2043 415 2043 438 2040 579 2020 664 2031 705 2037 708 2037 822 2034 825 2034 828 2034 828 2031 836 2025 851 2014 909 2022 968 2031 971 2031 1047 2017 1105 2005 1281 2005 1301 2008 1363 2022 1366 2022 1574 1999 1577 1999 1743 2014 1746 2014 1749 2014 1752 2014 1752 2011 1755 2011 1764 1999 1764 1976 1755 1917 1732 1920"/></Shape>
	    <String CONTENT="ayant consideré comme ses enfants depuis l&#39;instant qu&#39;il s&#39;en est chargé"
                    HPOS="181"
                    VPOS="1917"
                    WIDTH="1583"
                    HEIGHT="132"></String>
          </TextLine>

          
          
          <TextLine ID="eSc_line_07c3e479"
                    TAGREFS="LT777"
                    BASELINE="181 2072 1764 2055" 
                    HPOS="178"
                    VPOS="1990"
                    WIDTH="1586"
                    HEIGHT="108">
            <Shape><Polygon POINTS="359 2008 356 2008 178 2025 181 2072 181 2084 371 2098 374 2098 377 2098 430 2084 444 2081 482 2084 608 2096 611 2096 687 2084 719 2078 763 2081 860 2093 863 2093 866 2093 898 2081 909 2078 1761 2078 1764 2055 1755 1990 1489 2017 1307 2017 1263 2002 1246 1996 1243 1996 1240 1996 1047 1999 1044 1999 1015 2008 965 2020 942 2008 927 2002 924 2002 921 2002 918 2002 889 2011 857 2020 848 2011 839 2005 839 2002 836 2002 833 2002 830 2002 828 2002 825 2002 810 2011 795 2020 699 2014 585 2008 582 2008 447 2020 415 2022 406 2022 362 2008 359 2008"/></Shape>
	    <String CONTENT="il leur donne et legue par son présent testament les nommés Antoine"
                    HPOS="178"
                    VPOS="1990"
                    WIDTH="1586"
                    HEIGHT="108"></String>
          </TextLine>

          
          
          <TextLine ID="eSc_line_422a815c"
                    TAGREFS="LT777"
                    BASELINE="160 2139 1740 2122" 
                    HPOS="157"
                    VPOS="2058"
                    WIDTH="1583"
                    HEIGHT="108">
            <Shape><Polygon POINTS="1620 2058 1591 2058 1562 2058 1541 2058 1486 2063 1386 2075 1366 2066 1354 2060 1328 2060 1299 2060 1269 2060 1240 2060 1211 2063 1182 2063 1176 2063 1167 2069 1152 2078 1117 2072 1076 2063 1073 2063 1070 2063 1038 2072 1015 2078 994 2072 965 2063 947 2066 918 2066 909 2066 889 2075 883 2078 874 2075 857 2066 854 2066 851 2066 757 2078 719 2081 710 2078 690 2066 684 2069 655 2069 640 2069 605 2081 591 2084 558 2081 459 2069 450 2069 421 2072 392 2072 380 2072 351 2084 157 2087 160 2139 160 2148 269 2166 272 2166 275 2166 277 2166 277 2163 292 2148 298 2148 435 2145 1735 2145 1740 2122 1729 2060 1688 2072 1644 2060 1629 2058 1620 2058"/></Shape>
	    <String CONTENT="de caste Jndienne et Perine de Caste mozambique ses Esclaves pour ler aider"
                    HPOS="157"
                    VPOS="2058"
                    WIDTH="1583"
                    HEIGHT="108"></String>
          </TextLine>

          
          
          <TextLine ID="eSc_line_29ee7893"
                    TAGREFS="LT777"
                    BASELINE="187 2210 1773 2195" 
                    HPOS="184"
                    VPOS="2128"
                    WIDTH="1589"
                    HEIGHT="108">
            <Shape><Polygon POINTS="1325 2128 1301 2128 1272 2142 1263 2148 1141 2148 1135 2145 1123 2134 1120 2134 1117 2134 1114 2134 1111 2134 1108 2134 1097 2145 1088 2151 947 2151 939 2145 924 2134 915 2134 886 2134 857 2134 828 2134 798 2134 787 2134 760 2142 708 2134 681 2136 655 2136 649 2142 637 2136 623 2136 593 2136 564 2136 535 2136 506 2136 476 2136 447 2136 418 2139 412 2139 397 2151 392 2154 374 2151 321 2139 301 2139 272 2139 269 2139 257 2151 251 2157 184 2154 187 2210 187 2218 292 2236 295 2236 298 2236 333 2218 336 2215 529 2215 532 2215 550 2230 552 2230 555 2230 558 2230 629 2215 637 2215 649 2215 816 2233 819 2233 822 2233 860 2212 863 2212 889 2212 1126 2230 1129 2230 1228 2210 1234 2210 1240 2210 1290 2227 1293 2227 1296 2230 1451 2230 1451 2227 1770 2204 1773 2195 1764 2139 1445 2148 1404 2142 1328 2128 1325 2128"/></Shape>
	    <String CONTENT="à Subsister, déclarant ledit testateur que ce leg leur est fait tant pour leur"
                    HPOS="184"
                    VPOS="2128"
                    WIDTH="1589"
                    HEIGHT="108"></String>
          </TextLine>

          
          
          <TextLine ID="eSc_line_5f1508f1"
                    TAGREFS="LT777"
                    BASELINE="190 2280 544 2265 1758 2259" 
                    HPOS="187"
                    VPOS="2198"
                    WIDTH="1571"
                    HEIGHT="105">
            <Shape><Polygon POINTS="1620 2198 1603 2198 1571 2212 1565 2215 1536 2212 1424 2204 1421 2204 1337 2215 1313 2218 1307 2215 1275 2201 1269 2201 1240 2201 1211 2201 1182 2201 1152 2201 1123 2204 1120 2204 1082 2218 1079 2218 1041 2204 1035 2204 1006 2204 977 2204 956 2204 757 2221 754 2221 751 2221 620 2207 596 2207 567 2207 538 2207 509 2207 479 2210 450 2210 187 2227 190 2280 190 2303 275 2288 640 2297 643 2297 646 2297 649 2297 649 2294 667 2280 722 2294 725 2294 728 2294 731 2294 734 2294 749 2283 763 2294 763 2297 766 2297 769 2297 772 2300 918 2300 918 2297 921 2297 924 2297 953 2277 1126 2277 1176 2294 1182 2294 1184 2294 1187 2294 1211 2294 1380 2274 1457 2274 1474 2288 1474 2291 1477 2291 1480 2291 1483 2291 1498 2288 1559 2277 1594 2288 1603 2291 1606 2291 1609 2291 1612 2291 1617 2288 1647 2274 1752 2286 1758 2259 1752 2212 1638 2198 1620 2198"/></Shape>
	    <String CONTENT="prouver Son amitie que pour Sacquitter envers eux d&#39;un noir de caste"
                    HPOS="187"
                    VPOS="2198"
                    WIDTH="1571"
                    HEIGHT="105"></String>
          </TextLine>

          
          
          <TextLine ID="eSc_line_6cd8a662"
                    TAGREFS="LT777"
                    BASELINE="187 2341 1053 2326 1770 2335" 
                    HPOS="184"
                    VPOS="2262"
                    WIDTH="1586"
                    HEIGHT="117">
            <Shape><Polygon POINTS="1647 2262 1623 2262 1612 2271 1597 2283 1527 2283 1424 2274 1243 2262 1240 2262 1237 2262 1205 2277 1202 2277 1193 2277 1073 2265 1062 2265 1032 2265 1029 2265 994 2280 991 2280 962 2265 945 2265 936 2265 883 2280 874 2283 848 2283 661 2265 658 2265 655 2265 652 2265 652 2268 634 2286 631 2288 453 2288 453 2286 418 2271 418 2271 389 2274 380 2274 351 2288 184 2288 187 2341 187 2359 254 2376 257 2376 260 2376 263 2376 280 2362 289 2356 585 2356 599 2362 620 2376 623 2376 626 2376 629 2376 631 2376 634 2376 634 2373 649 2362 658 2356 710 2356 725 2362 757 2379 760 2379 763 2379 766 2379 828 2364 988 2376 991 2376 994 2376 1026 2364 1056 2353 1103 2364 1146 2376 1149 2376 1152 2376 1155 2376 1193 2364 1234 2353 1331 2364 1392 2373 1395 2373 1398 2373 1401 2373 1410 2367 1433 2350 1454 2367 1459 2373 1462 2373 1465 2373 1468 2373 1471 2373 1492 2367 1524 2356 1547 2367 1562 2373 1565 2373 1568 2376 1705 2376 1705 2373 1708 2373 1711 2373 1717 2367 1735 2356 1764 2367 1770 2335 1764 2271 1670 2277 1661 2271 1647 2262 1647 2262"/></Shape>
	    <String CONTENT="mozambique nommé Pedre qui leur appartenait pour toute fortune et qu&#39;il s&#39;est"
                    HPOS="184"
                    VPOS="2262"
                    WIDTH="1586"
                    HEIGHT="117"></String>
          </TextLine>

          
          
          <TextLine ID="eSc_line_7aa33e5f"
                    TAGREFS="LT777"
                    BASELINE="187 2408 1342 2394" 
                    HPOS="184"
                    VPOS="2338"
                    WIDTH="1158"
                    HEIGHT="100">
            <Shape><Polygon POINTS="187 2408 187 2429 263 2420 307 2429 359 2438 362 2438 453 2426 517 2417 550 2423 599 2435 602 2435 605 2435 608 2435 608 2432 620 2423 626 2414 778 2414 784 2420 795 2429 795 2432 798 2432 801 2432 804 2435 877 2435 877 2432 880 2432 883 2432 904 2417 915 2411 974 2417 1105 2429 1108 2429 1342 2408 1342 2394 1334 2341 760 2356 737 2344 731 2338 728 2338 725 2338 722 2338 696 2344 652 2353 608 2344 591 2341 588 2341 585 2341 576 2344 544 2359 520 2344 517 2341 514 2341 512 2341 415 2341 412 2341 380 2344 260 2362 184 2347 187 2408"/></Shape>
	    <String CONTENT="vu obligé de vendre il ya plusieures années pour ses vües"
                    HPOS="184"
                    VPOS="2338"
                    WIDTH="1158"
                    HEIGHT="100"></String>
          </TextLine>

          
          
          <TextLine ID="eSc_line_f3afdd28"
                    TAGREFS="LT777"
                    BASELINE="231 2481 994 2467 1743 2476" 
                    HPOS="228"
                    VPOS="2397"
                    WIDTH="1515"
                    HEIGHT="111">
            <Shape><Polygon POINTS="1266 2397 1263 2397 1261 2397 1258 2397 1237 2405 1217 2414 1187 2405 1158 2397 1155 2397 1152 2397 1149 2397 1132 2405 1097 2420 968 2405 965 2405 962 2405 959 2405 939 2423 889 2408 886 2408 883 2408 880 2408 825 2423 708 2402 696 2402 693 2402 690 2402 687 2402 687 2405 667 2426 564 2426 532 2405 520 2405 500 2405 465 2420 392 2408 374 2408 356 2408 307 2423 289 2408 286 2408 257 2408 228 2408 231 2481 231 2505 435 2490 485 2502 506 2508 509 2508 512 2508 514 2508 517 2508 526 2502 547 2490 670 2499 766 2508 769 2508 772 2508 792 2499 813 2487 950 2487 962 2496 971 2505 974 2505 977 2505 980 2505 983 2505 1012 2496 1038 2487 1097 2493 1176 2505 1179 2505 1310 2490 1363 2487 1419 2490 1591 2502 1594 2502 1740 2484 1743 2476 1737 2408 1682 2417 1667 2405 1661 2400 1658 2400 1656 2400 1533 2397 1530 2397 1527 2397 1524 2397 1524 2400 1515 2405 1500 2423 1442 2423 1424 2405 1416 2400 1416 2397 1413 2397 1410 2397 1407 2397 1357 2405 1299 2417 1281 2405 1269 2397 1266 2397"/></Shape>
	    <String CONTENT="donne et légue au dit Francois Cupidon outre sa part dans les deux"
                    HPOS="228"
                    VPOS="2397"
                    WIDTH="1515"
                    HEIGHT="111"></String>
          </TextLine>

          
          
          <TextLine ID="eSc_line_54a2198b"
                    TAGREFS="LT777"
                    BASELINE="187 2549 1758 2537" 
                    HPOS="184"
                    VPOS="2473"
                    WIDTH="1574"
                    HEIGHT="111">
            <Shape><Polygon POINTS="1711 2476 1708 2476 1705 2476 1658 2490 1641 2476 1617 2476 1606 2476 1483 2490 1480 2490 1436 2473 1433 2473 1430 2473 1427 2473 1424 2473 1407 2490 1372 2478 1369 2478 1366 2478 1363 2478 1334 2490 1325 2493 1249 2490 1018 2476 1015 2476 1012 2476 983 2487 962 2499 883 2499 874 2487 866 2481 866 2478 863 2478 860 2478 857 2478 728 2487 526 2502 473 2502 459 2484 456 2484 456 2481 453 2481 450 2481 359 2481 330 2481 313 2481 310 2481 307 2481 304 2481 304 2484 289 2496 184 2484 187 2549 187 2569 318 2563 342 2569 394 2584 397 2584 400 2584 403 2584 406 2584 430 2569 438 2563 468 2569 555 2584 558 2584 813 2563 883 2560 901 2563 962 2581 965 2581 968 2581 1100 2563 1138 2557 1149 2560 1184 2578 1187 2578 1190 2581 1363 2581 1363 2578 1366 2578 1427 2560 1512 2575 1515 2575 1518 2575 1521 2575 1521 2572 1538 2557 1541 2554 1547 2557 1582 2572 1585 2572 1588 2575 1588 2572 1591 2572 1626 2557 1632 2554 1638 2557 1661 2569 1664 2569 1667 2569 1755 2554 1758 2537 1755 2493 1714 2476 1711 2476"/></Shape>
	    <String CONTENT="noirs cy dessus une somme de mille livres une fois payée, pour servir"
                    HPOS="184"
                    VPOS="2473"
                    WIDTH="1574"
                    HEIGHT="111"></String>
          </TextLine>

          
          
          <TextLine ID="eSc_line_7302d8a3"
                    TAGREFS="LT777"
                    BASELINE="184 2613 394 2607" 
                    HPOS="181"
                    VPOS="2560"
                    WIDTH="213"
                    HEIGHT="68">
            <Shape><Polygon POINTS="184 2613 184 2628 392 2628 394 2607 386 2560 181 2560 184 2613"/></Shape>
	    <String CONTENT="à l&#39;établir"
                    HPOS="181"
                    VPOS="2560"
                    WIDTH="213"
                    HEIGHT="68"></String>
          </TextLine>

          
          
          <TextLine ID="eSc_line_8bf3ea28"
                    TAGREFS="LT777"
                    BASELINE="234 2660 953 2648 1729 2654" 
                    HPOS="231"
                    VPOS="2569"
                    WIDTH="1498"
                    HEIGHT="111">
            <Shape><Polygon POINTS="377 2610 348 2610 318 2610 289 2610 260 2613 231 2613 234 2660 234 2680 1726 2674 1729 2654 1723 2569 1629 2575 1626 2575 1623 2575 1623 2578 1600 2598 1509 2578 1506 2578 1398 2598 1348 2578 1342 2575 1340 2575 1337 2575 1316 2578 1231 2595 1214 2581 1199 2569 1196 2569 1193 2569 1073 2569 1070 2569 939 2572 936 2572 898 2590 868 2604 763 2604 740 2592 690 2572 687 2572 684 2572 681 2572 617 2595 599 2601 576 2595 503 2581 500 2581 383 2590 377 2610"/></Shape>
	    <String CONTENT="Donne et légue au Nommé Michel Malabard libre domicilié au Port"
                    HPOS="231"
                    VPOS="2569"
                    WIDTH="1498"
                    HEIGHT="111"></String>
          </TextLine>

          
          
          <TextLine ID="eSc_line_c6d046de"
                    TAGREFS="LT777"
                    BASELINE="181 2733 1814 2712" 
                    HPOS="175"
                    VPOS="2648"
                    WIDTH="1639"
                    HEIGHT="99">
            <Shape><Polygon POINTS="1696 2651 1685 2651 1287 2663 1249 2651 1240 2648 1228 2648 1199 2648 1170 2648 1141 2648 1111 2648 1082 2648 1053 2648 1035 2648 1006 2651 836 2669 734 2651 731 2651 702 2651 672 2651 643 2651 614 2651 585 2654 555 2654 526 2654 497 2654 468 2654 447 2654 400 2674 175 2657 178 2730 178 2747 1790 2736 1814 2695 1784 2648 1726 2648 1726 2651"/></Shape>
	    <String CONTENT="Louis une Somme de trois mille Livres argent de cette Colonie une fois payée"
                    HPOS="175"
                    VPOS="2648"
                    WIDTH="1639"
                    HEIGHT="99"></String>
          </TextLine>

          
          
          <TextLine ID="eSc_line_4d194b02"
                    TAGREFS="LT777"
                    BASELINE="228 2794 1773 2780" 
                    HPOS="225"
                    VPOS="2715"
                    WIDTH="1548"
                    HEIGHT="100">
            <Shape><Polygon POINTS="1571 2715 1550 2715 1538 2727 1521 2715 1512 2718 1483 2718 1477 2718 1448 2730 1299 2721 1278 2721 1249 2721 1220 2721 1190 2721 1161 2721 1135 2721 1120 2736 947 2736 886 2724 868 2724 839 2727 810 2727 795 2727 787 2730 769 2727 751 2727 722 2727 708 2727 702 2733 693 2727 693 2727 664 2727 634 2727 605 2730 576 2730 547 2730 544 2730 529 2739 506 2730 488 2730 459 2730 430 2730 400 2733 394 2733 374 2736 354 2733 342 2733 313 2733 283 2733 254 2733 245 2733 225 2742 228 2794 228 2815 1770 2815 1773 2780 1767 2730 1597 2715 1571 2715"/></Shape>
	    <String CONTENT="Et quant aux Surplus de tous ses biens de quelque nature qu&#39;ils soient"
                    HPOS="225"
                    VPOS="2715"
                    WIDTH="1548"
                    HEIGHT="100"></String>
          </TextLine>

          
          
          <TextLine ID="eSc_line_70ddbcc5"
                    TAGREFS="LT777"
                    BASELINE="190 2864 1784 2859" 
                    HPOS="187"
                    VPOS="2788"
                    WIDTH="1597"
                    HEIGHT="103">
            <Shape><Polygon POINTS="708 2791 684 2791 655 2791 626 2791 596 2791 567 2791 538 2791 509 2794 479 2794 450 2794 421 2794 409 2794 394 2800 365 2809 187 2800 190 2864 190 2891 342 2876 412 2891 415 2891 418 2891 421 2891 424 2891 444 2873 550 2891 558 2891 561 2891 570 2891 696 2873 722 2891 725 2891 728 2891 731 2891 754 2891 985 2870 1015 2888 1018 2888 1021 2888 1024 2888 1026 2888 1059 2873 1129 2888 1132 2888 1135 2888 1138 2888 1179 2873 1781 2885 1784 2859 1775 2806 1509 2806 1503 2803 1486 2788 1483 2788 1480 2788 1477 2788 1474 2788 1439 2803 1430 2806 1424 2803 1383 2788 1380 2788 1378 2788 1375 2788 1316 2803 1299 2809 1193 2809 1182 2803 1155 2788 1152 2788 1149 2788 1047 2803 1026 2803 1009 2803 921 2791 918 2791 915 2791 895 2800 883 2806 871 2800 848 2791 845 2791 842 2791 781 2800 746 2806 731 2800 710 2791 708 2791"/></Shape>
	    <String CONTENT="ou puissent être le présent testament rempli, il les donne et légue au Cit."
                    HPOS="187"
                    VPOS="2788"
                    WIDTH="1597"
                    HEIGHT="103"></String>
          </TextLine>

          
          
          <TextLine ID="eSc_line_2b64f365"
                    TAGREFS="LT777"
                    BASELINE="184 2935 1773 2926" 
                    HPOS="181"
                    VPOS="2861"
                    WIDTH="1592"
                    HEIGHT="103">
            <Shape><Polygon POINTS="1761 2861 1746 2861 1720 2873 1427 2861 1410 2861 1380 2861 1351 2861 1322 2861 1319 2861 1307 2864 1266 2873 1243 2864 1234 2861 1205 2861 1193 2861 1143 2867 1053 2876 1035 2867 1018 2861 1000 2861 971 2864 942 2864 912 2864 883 2864 854 2864 828 2864 810 2873 804 2873 801 2873 775 2864 766 2864 737 2864 713 2864 637 2876 605 2879 564 2876 421 2864 415 2864 386 2864 356 2864 181 2882 184 2935 184 2964 728 2943 825 2958 828 2961 828 2958 924 2943 1767 2949 1773 2926 1761 2861 1761 2861"/></Shape>
	    <String CONTENT="francois Latour habitant de ce canton qu&#39;il fait et institue son légataire"
                    HPOS="181"
                    VPOS="2861"
                    WIDTH="1592"
                    HEIGHT="103"></String>
          </TextLine>

          
          
          <TextLine ID="eSc_line_7cf998d2"
                    TAGREFS="LT777"
                    BASELINE="190 2999 1767 2987" 
                    HPOS="187"
                    VPOS="2929"
                    WIDTH="1580"
                    HEIGHT="96">
            <Shape><Polygon POINTS="1708 2929 1679 2929 1673 2929 1650 2940 1550 2929 1533 2929 1503 2929 1474 2929 1454 2929 1439 2940 1421 2929 1416 2929 1398 2929 1354 2943 1331 2929 1328 2929 1299 2929 1293 2929 1266 2937 1255 2929 1240 2932 1211 2932 1182 2932 1152 2932 1123 2932 1094 2932 1064 2932 1035 2932 1006 2932 977 2932 947 2932 936 2932 889 2946 792 2932 772 2932 743 2932 722 2932 658 2943 634 2935 626 2935 596 2935 576 2935 532 2949 450 2935 447 2935 444 2935 403 2949 365 2935 362 2935 333 2935 330 2935 301 2952 187 2952 190 2999 190 3025 310 3011 386 3022 389 3022 593 3008 1764 3008 1767 2987 1764 2943 1711 2929 1708 2929"/></Shape>
	    <String CONTENT="universel et ce en reconnaissance des différents Services qu&#39;il lui a rendu"
                    HPOS="187"
                    VPOS="2929"
                    WIDTH="1580"
                    HEIGHT="96"></String>
          </TextLine>

          
          
          <TextLine ID="eSc_line_a8608790"
                    TAGREFS="LT777"
                    BASELINE="193 3063 1764 3046" 
                    HPOS="190"
                    VPOS="2990"
                    WIDTH="1574"
                    HEIGHT="105">
            <Shape><Polygon POINTS="1477 2990 1448 2990 1445 2990 1427 2996 1413 3002 1380 2999 1337 2993 1331 2993 1301 2993 1272 2993 1249 2993 1237 3002 1228 3008 1070 3008 1059 3005 1000 2993 980 2993 950 2996 939 2996 901 3008 895 3008 892 3008 868 2996 863 2996 833 2996 804 2996 775 2996 746 2996 716 2996 687 2996 684 2996 611 3011 608 3011 517 2999 512 2999 482 2999 453 2999 433 2999 345 3013 254 2999 248 2999 225 2999 190 3013 193 3063 196 3095 248 3075 342 3092 345 3092 348 3092 354 3092 482 3072 596 3087 599 3087 769 3069 1062 3078 1234 3084 1237 3084 1240 3084 1275 3075 1304 3066 1331 3072 1354 3081 1357 3081 1360 3081 1761 3063 1764 3046 1755 2993 1524 2999 1512 2996 1492 2990 1477 2990"/></Shape>
	    <String CONTENT="pour par lui disposer du tout comme de chose lui appartenant, le priant"
                    HPOS="190"
                    VPOS="2990"
                    WIDTH="1574"
                    HEIGHT="105"></String>
          </TextLine>

          
          
          <TextLine ID="eSc_line_d1e7b188"
                    TAGREFS="LT777"
                    BASELINE="190 3130 1781 3110" 
                    HPOS="187"
                    VPOS="3046"
                    WIDTH="1594"
                    HEIGHT="96">
            <Shape><Polygon POINTS="1737 3049 1708 3049 1685 3049 1085 3069 1015 3063 950 3054 947 3057 918 3057 889 3057 868 3057 825 3066 801 3072 781 3069 734 3057 713 3060 696 3060 667 3072 661 3072 646 3072 506 3060 479 3060 450 3063 421 3063 418 3063 301 3078 251 3063 245 3063 225 3063 187 3078 190 3130 190 3142 1781 3130 1781 3110 1773 3046 1737 3046 1737 3049"/></Shape>
	    <String CONTENT="Seulement Si c&#39;est son bon plaisir d&#39;aider les nonmés françois et Silvain"
                    HPOS="187"
                    VPOS="3046"
                    WIDTH="1594"
                    HEIGHT="96"></String>
          </TextLine>

          
          
          <TextLine ID="eSc_line_b1467b05"
                    TAGREFS="LT777"
                    BASELINE="198 3203 907 3180 1770 3171" 
                    HPOS="196"
                    VPOS="3113"
                    WIDTH="1574"
                    HEIGHT="166">
            <Shape><Polygon POINTS="1658 3113 1629 3113 1600 3113 1571 3113 1541 3116 1512 3116 1483 3116 1454 3116 1451 3116 1407 3119 1322 3125 1313 3119 1310 3116 1307 3119 1278 3119 1249 3119 1220 3119 1190 3119 1161 3119 1132 3119 1103 3119 1091 3119 1091 3122 1079 3127 1053 3122 1044 3122 1015 3122 985 3122 956 3122 927 3122 921 3122 880 3127 833 3125 810 3125 781 3125 751 3125 722 3125 693 3125 664 3125 643 3125 629 3142 538 3142 514 3127 488 3127 479 3127 465 3142 427 3127 400 3130 374 3130 342 3142 321 3130 313 3130 283 3130 254 3130 225 3130 196 3130 198 3203 198 3241 277 3233 295 3247 304 3253 304 3256 307 3256 310 3256 313 3256 315 3256 318 3256 330 3247 359 3230 415 3233 427 3247 459 3277 459 3279 462 3279 465 3279 468 3279 608 3277 611 3277 672 3247 725 3221 851 3221 874 3241 874 3244 877 3244 880 3244 883 3244 886 3244 936 3221 1009 3250 1026 3256 1029 3256 1032 3256 1035 3256 1038 3256 1038 3253 1044 3250 1079 3215 1170 3215 1222 3236 1225 3236 1228 3236 1231 3236 1304 3215 1354 3215 1398 3253 1404 3259 1407 3259 1410 3259 1413 3259 1770 3253 1770 3171 1764 3119 1676 3113 1658 3113"/></Shape>
	    <String CONTENT="Creole libre des quels ledit testateur prend soin depuis leurs naissances"
                    HPOS="196"
                    VPOS="3113"
                    WIDTH="1574"
                    HEIGHT="166"></String>
          </TextLine>

          
        </TextBlock>
        
        <TextBlock HPOS="102"
                   VPOS="3276"
                   WIDTH="112"
                   HEIGHT="123"
                   ID="eSc_textblock_135099c0"
                   TAGREFS="BT1932">
          <Shape><Polygon POINTS="102 3276 102 3399 214 3399 214 3276"/></Shape>
          
          
          <TextLine ID="eSc_line_ca1d2a0f"
                    TAGREFS="LT777"
                    BASELINE="105 3385 207 3385" 
                    HPOS="102"
                    VPOS="3266"
                    WIDTH="102"
                    HEIGHT="163">
            <Shape><Polygon POINTS="102 3429 204 3426 204 3382 197 3266 106 3269 102 3382"/></Shape>
	    <String CONTENT="6"
                    HPOS="102"
                    VPOS="3266"
                    WIDTH="102"
                    HEIGHT="163"></String>
          </TextLine>

          
        </TextBlock>
        
        <TextBlock HPOS="1626"
                   VPOS="10"
                   WIDTH="173"
                   HEIGHT="96"
                   ID="eSc_textblock_1d712eef"
                   TAGREFS="BT1935">
          <Shape><Polygon POINTS="1720 10 1703 75 1626 106 1799 98 1793 10"/></Shape>
          
        </TextBlock>
        

        
      </PrintSpace>
    </Page>
  </Layout>
</alto>
