<?xml version="1.0" encoding="UTF-8"?>
<alto xmlns:xsi="http://www.w3.org/2001/XMLSchema-instance"
      xmlns="http://www.loc.gov/standards/alto/ns-v4#"
      xsi:schemaLocation="http://www.loc.gov/standards/alto/ns-v4# http://www.loc.gov/standards/alto/v4/alto-4-2.xsd">
  <Description>
    <MeasurementUnit>pixel</MeasurementUnit>
    <sourceImageInformation>
      <fileName>JK11_1__recadre1.pdf_page_6.png</fileName>
      
    </sourceImageInformation>
  </Description>
  
  <Tags>
    <OtherTag ID="BT1929" LABEL="DigitizationArtefactZone:fingers" DESCRIPTION="block type DigitizationArtefactZone:fingers"/><OtherTag ID="BT1930" LABEL="MainZone" DESCRIPTION="block type MainZone"/><OtherTag ID="BT1931" LABEL="MarginTextZone" DESCRIPTION="block type MarginTextZone"/><OtherTag ID="BT1932" LABEL="NumberingZone:page" DESCRIPTION="block type NumberingZone:page"/><OtherTag ID="BT1933" LABEL="NumberingZone:folio" DESCRIPTION="block type NumberingZone:folio"/><OtherTag ID="BT1934" LABEL="NumberingZone:document" DESCRIPTION="block type NumberingZone:document"/><OtherTag ID="BT1935" LABEL="CustomZone:paraph" DESCRIPTION="block type CustomZone:paraph"/><OtherTag ID="BT1941" LABEL="CustomZone:closer" DESCRIPTION="block type CustomZone:closer"/><OtherTag ID="BT1942" LABEL="CustomZone:opener" DESCRIPTION="block type CustomZone:opener"/>
    <OtherTag ID="LT777" LABEL="DefaultLine" DESCRIPTION="line type DefaultLine"/><OtherTag ID="LT778" LABEL="HeadingLine" DESCRIPTION="line type HeadingLine"/><OtherTag ID="LT779" LABEL="InterlinearZone" DESCRIPTION="line type InterlinearZone"/>
  </Tags>
  
  <Layout>
    <Page WIDTH="2388"
          HEIGHT="3508"
          PHYSICAL_IMG_NR="5"
          ID="eSc_dummypage_">
      <PrintSpace HPOS="0"
                  VPOS="0"
                  WIDTH="2388"
                  HEIGHT="3508">
        
        <TextBlock HPOS="656"
                   VPOS="10"
                   WIDTH="1700"
                   HEIGHT="2093"
                   ID="eSc_textblock_dea80b93"
                   TAGREFS="BT1930">
          <Shape><Polygon POINTS="656 10 674 2103 2356 2012 2356 10"/></Shape>
          
          
          <TextLine ID="eSc_line_848ad708"
                    TAGREFS="LT777"
                    BASELINE="693 99 1329 47 1583 26" 
                    HPOS="684"
                    VPOS="2"
                    WIDTH="896"
                    HEIGHT="129">
            <Shape><Polygon POINTS="1504 2 1474 2 1445 2 1416 2 1387 2 1357 2 1328 2 1299 2 1267 2 1237 2 1208 2 1179 2 1150 2 1123 2 1117 11 1114 17 684 35 690 96 690 131 839 102 930 114 945 114 948 114 983 108 1153 78 1237 84 1275 87 1278 87 1328 76 1425 55 1580 55 1580 23 1545 2 1533 2"/></Shape>
	    <String CONTENT="pour lui en joüir en tout proprieté"
                    HPOS="684"
                    VPOS="2"
                    WIDTH="896"
                    HEIGHT="129"></String>
          </TextLine>

          
          
          <TextLine ID="eSc_line_f93c888f"
                    TAGREFS="LT777"
                    BASELINE="755 157 1592 102 1905 105 2218 128" 
                    HPOS="749"
                    VPOS="32"
                    WIDTH="1469"
                    HEIGHT="160">
            <Shape><Polygon POINTS="2180 46 2159 43 1951 52 1928 35 1916 35 1887 32 1858 32 1831 32 1820 46 1793 35 1791 35 1788 35 1785 35 1782 35 1782 38 1755 61 1752 61 1638 35 1635 35 1381 46 1378 46 1281 73 1196 58 1188 61 1173 61 1155 78 1109 70 1106 70 1103 70 1027 93 1018 96 942 96 939 96 918 81 895 84 880 84 863 99 831 87 807 90 784 90 749 102 755 157 757 192 839 172 860 187 863 187 866 187 869 187 872 187 875 187 907 163 930 181 933 181 936 181 939 181 942 181 986 163 1021 178 1024 178 1027 178 1030 178 1033 178 1059 157 1369 134 1431 152 1433 152 1436 152 1439 152 1512 125 1782 116 1928 140 1931 140 1934 140 2007 122 2042 137 2045 137 2048 137 2191 131 2218 128 2197 58 2180 46"/></Shape>
	    <String CONTENT="Veut et entend le Testateur que le Nommé Pierre François"
                    HPOS="749"
                    VPOS="32"
                    WIDTH="1469"
                    HEIGHT="160"></String>
          </TextLine>

          
          
          <TextLine ID="eSc_line_fe27ffd9"
                    TAGREFS="LT777"
                    BASELINE="687 242 1556 178 2200 195" 
                    HPOS="681"
                    VPOS="111"
                    WIDTH="1519"
                    HEIGHT="152">
            <Shape><Polygon POINTS="2145 125 2098 125 2089 119 2083 119 2054 116 2045 116 2036 128 2036 131 1960 131 1954 131 1928 114 1925 114 1922 114 1919 114 1916 114 1858 134 1855 134 1837 116 1837 114 1834 114 1831 114 1685 111 1682 111 1679 111 1676 111 1656 128 1597 116 1594 116 1592 116 1556 134 1243 128 1240 128 1123 152 1056 166 681 166 687 242 687 263 945 239 1068 248 1071 248 1074 248 1076 248 1076 245 1097 225 1170 219 1319 236 1322 236 1325 236 1328 236 1381 201 1761 190 1817 204 1820 204 1823 204 1884 195 1902 210 1902 213 1905 213 1908 213 1910 213 1989 198 2194 204 2200 195 2194 128 2174 125"/></Shape>
	    <String CONTENT="noir malabar son esclave soit reconnu libre aussitôt le décès"
                    HPOS="681"
                    VPOS="111"
                    WIDTH="1519"
                    HEIGHT="152"></String>
          </TextLine>

          
          
          <TextLine ID="eSc_line_d61ecb38"
                    TAGREFS="LT777"
                    BASELINE="676 312 1510 251 2244 257" 
                    HPOS="670"
                    VPOS="195"
                    WIDTH="1574"
                    HEIGHT="129">
            <Shape><Polygon POINTS="2162 195 2133 195 2104 195 1366 195 1363 195 1360 195 1305 225 1270 207 1267 207 1264 207 1261 207 1199 233 1109 225 1106 225 1103 225 1044 239 1018 222 1015 222 1012 222 1009 222 895 242 854 230 845 230 816 233 810 233 790 251 670 254 676 312 676 324 980 324 980 321 983 321 1027 309 1065 301 1094 306 1129 318 1132 318 1135 318 1138 318 1141 318 1141 315 1153 306 1167 292 1234 304 1267 306 1270 306 1273 306 1275 306 1281 301 1311 283 1439 283 1457 295 1460 298 1463 298 1466 298 1469 298 1498 295 1597 274 1632 289 1650 295 1653 295 1656 295 1659 295 1662 295 1662 292 1668 286 1685 271 1829 266 1890 280 1922 286 1925 286 2244 266 2244 257 2238 195 2191 195 2162 195"/></Shape>
	    <String CONTENT="de lui testateur, et pour que le dit pierre françois ne soit point"
                    HPOS="670"
                    VPOS="195"
                    WIDTH="1574"
                    HEIGHT="129"></String>
          </TextLine>

          
          
          <TextLine ID="eSc_line_b955aa8a"
                    TAGREFS="LT777"
                    BASELINE="681 377 1556 315 2215 324" 
                    HPOS="678"
                    VPOS="254"
                    WIDTH="1537"
                    HEIGHT="131">
            <Shape><Polygon POINTS="1846 254 1817 254 1788 254 1758 254 1729 254 1700 254 1688 254 1665 268 1638 254 1635 254 1632 254 1486 260 1483 260 1480 260 1480 263 1466 274 1451 263 1448 263 1445 263 1442 263 1352 263 1349 266 1334 266 1287 268 1261 271 1246 271 1205 274 1202 274 1117 306 1114 306 1088 280 1085 283 1062 283 1027 309 1021 309 930 295 910 298 898 298 880 315 877 315 822 304 819 304 816 304 813 304 813 306 798 318 755 306 737 306 678 321 681 377 681 385 1047 382 1050 382 1079 374 1129 356 1776 327 1840 347 1843 347 1846 347 1981 330 2209 336 2215 324 2209 266 1940 271 1881 254 1875 254"/></Shape>
	    <String CONTENT="à charge à la Colonie le testateur lui donne et legue 1° une"
                    HPOS="678"
                    VPOS="254"
                    WIDTH="1537"
                    HEIGHT="131"></String>
          </TextLine>

          
          
          <TextLine ID="eSc_line_42ae198e"
                    TAGREFS="LT777"
                    BASELINE="678 441 1559 380 2244 382" 
                    HPOS="676"
                    VPOS="318"
                    WIDTH="1568"
                    HEIGHT="140">
            <Shape><Polygon POINTS="2048 324 2019 324 1989 321 1972 321 1928 333 1913 321 1902 321 1875 321 1855 330 1829 321 1814 321 1785 321 1755 318 1726 318 1697 318 1668 318 1638 318 1609 318 1583 318 1472 321 1463 324 1448 324 1445 324 1375 353 1334 333 1316 333 1305 333 1249 350 1223 339 1199 342 1170 344 1141 344 1112 347 1091 347 1047 365 1021 374 968 368 913 359 907 362 880 362 875 371 863 380 699 380 676 394 678 441 678 458 1147 423 1199 435 1202 435 1205 435 1208 435 1308 406 2241 391 2244 382 2238 324 2069 330 2066 330 2054 324 2048 324"/></Shape>
	    <String CONTENT="Somme de trois mille Livres 2° toute lles effets mobiliers qui"
                    HPOS="676"
                    VPOS="318"
                    WIDTH="1568"
                    HEIGHT="140"></String>
          </TextLine>

          
          
          <TextLine ID="eSc_line_78cf78ab"
                    TAGREFS="LT777"
                    BASELINE="676 505 1548 441 1905 432" 
                    HPOS="670"
                    VPOS="382"
                    WIDTH="1235"
                    HEIGHT="158">
            <Shape><Polygon POINTS="1870 382 1837 382 1808 382 1779 382 1750 382 1720 382 1691 382 1662 382 1632 382 1603 382 1574 382 1545 382 1515 382 1486 385 1457 388 1428 391 1398 391 1393 391 1357 406 1354 406 1278 400 1255 403 1226 403 1196 406 1194 406 1112 423 1109 423 1085 412 1079 415 1050 418 1044 418 1018 429 1009 429 875 429 845 429 816 432 787 435 757 438 755 438 670 453 676 505 678 540 810 508 889 520 892 520 992 499 1050 511 1068 514 1071 514 1074 514 1100 508 1208 476 1442 464 1477 476 1501 485 1504 485 1507 485 1589 467 1685 447 1758 453 1840 461 1843 461 1846 461 1905 441 1905 432 1896 382 1870 382"/></Shape>
	    <String CONTENT="se trouveront lui appartenir l&#39;ors de son décés."
                    HPOS="670"
                    VPOS="382"
                    WIDTH="1235"
                    HEIGHT="158"></String>
          </TextLine>

          
          
          <TextLine ID="eSc_line_5b45376e"
                    TAGREFS="LT777"
                    BASELINE="740 570 1000 564 1621 517 2235 520" 
                    HPOS="737"
                    VPOS="441"
                    WIDTH="1498"
                    HEIGHT="149">
            <Shape><Polygon POINTS="1261 464 1232 464 1138 499 875 505 860 491 854 494 825 496 807 496 737 511 740 570 740 578 980 590 983 590 1065 572 1117 561 1164 570 1226 581 1229 581 1232 581 1234 581 1234 578 1249 567 1264 555 1337 567 1410 575 1413 575 1416 575 1454 564 1515 540 1668 537 1700 558 1703 558 1706 558 1709 558 1711 558 1714 558 1764 532 1919 529 2028 549 2048 552 2051 552 2232 543 2235 520 2229 461 2124 461 2095 444 2092 444 2089 444 2086 444 1972 458 1925 441 1922 441 1919 441 1741 458 1700 447 1697 447 1694 447 1691 447 1688 447 1641 476 1592 450 1589 450 1586 450 1583 450 1518 473 1489 456 1486 456 1483 456 1480 456 1305 458 1290 461"/></Shape>
	    <String CONTENT="Et quant aux Surplus de ses biens le testateur les donne"
                    HPOS="737"
                    VPOS="441"
                    WIDTH="1498"
                    HEIGHT="149"></String>
          </TextLine>

          
          
          <TextLine ID="eSc_line_a4f32041"
                    TAGREFS="LT777"
                    BASELINE="670 651 1647 593 2206 584" 
                    HPOS="667"
                    VPOS="520"
                    WIDTH="1539"
                    HEIGHT="161">
            <Shape><Polygon POINTS="1981 520 1951 520 1949 520 1896 537 1659 546 1638 529 1635 529 1632 529 1630 529 1627 529 1559 552 1559 555 1548 555 1349 558 1331 543 1328 543 1325 543 1322 543 1208 567 1109 555 1103 558 1074 561 1065 561 1024 578 942 567 927 567 907 567 845 587 816 570 813 570 810 570 807 570 804 570 801 570 784 584 734 572 731 572 728 572 725 572 673 590 667 637 670 651 670 681 863 660 904 672 907 672 910 672 913 672 915 672 977 651 1021 666 1024 666 1027 666 1030 666 1033 666 1109 640 1185 651 1188 651 1191 651 1232 634 1296 651 1299 651 1302 651 1305 651 1308 651 1311 651 1384 625 1433 646 1439 646 1442 646 1445 646 1448 646 1457 643 1524 619 1594 637 1603 637 1606 637 1609 637 1618 634 1685 610 1729 628 1738 631 1741 631 1744 631 1747 631 1750 631 1752 628 1773 610 1805 619 1808 619 1811 619 1814 619 1878 602 2203 602 2206 584 2197 523 2016 529 2001 520 1981 520"/></Shape>
	    <String CONTENT="et légue la moitie à L&#39;Eglise pour faire prier dieu pour"
                    HPOS="667"
                    VPOS="520"
                    WIDTH="1539"
                    HEIGHT="161"></String>
          </TextLine>

          
          
          <TextLine ID="eSc_line_3152d0cf"
                    TAGREFS="LT777"
                    BASELINE="673 730 1644 666 2259 657" 
                    HPOS="667"
                    VPOS="605"
                    WIDTH="1592"
                    HEIGHT="157">
            <Shape><Polygon POINTS="673 762 831 754 834 754 836 754 836 751 839 751 848 736 951 751 956 751 959 751 962 751 965 751 1015 727 1117 742 1123 742 1126 742 1129 742 1132 742 1191 722 1232 736 1234 736 1237 736 1240 736 1243 736 1246 736 1302 713 1480 722 1495 722 1498 722 1501 722 1504 722 1553 701 1574 716 1577 716 1580 716 1583 716 1586 716 1641 698 1682 710 1691 713 1694 713 1697 713 1717 710 1814 684 2259 678 2259 657 2253 605 1354 628 1071 663 1018 646 1015 646 1012 646 1009 646 954 669 907 651 904 651 901 651 898 651 839 678 746 678 725 663 722 663 719 663 716 663 714 663 667 681 673 730"/></Shape>
	    <String CONTENT="le repos de son ame et l&#39;autre moitie aux pauvres de cette"
                    HPOS="667"
                    VPOS="605"
                    WIDTH="1592"
                    HEIGHT="157"></String>
          </TextLine>

          
          
          <TextLine ID="eSc_line_d24b642a"
                    TAGREFS="LT777"
                    BASELINE="678 800 883 795" 
                    HPOS="676"
                    VPOS="751"
                    WIDTH="207"
                    HEIGHT="70">
            <Shape><Polygon POINTS="678 800 678 821 880 806 883 795 877 754 676 751 678 800"/></Shape>
	    <String CONTENT="ville"
                    HPOS="676"
                    VPOS="751"
                    WIDTH="207"
                    HEIGHT="70"></String>
          </TextLine>

          
          
          <TextLine ID="eSc_line_29fd8a43"
                    TAGREFS="LT777"
                    BASELINE="743 859 1671 803 2227 792" 
                    HPOS="740"
                    VPOS="730"
                    WIDTH="1487"
                    HEIGHT="155">
            <Shape><Polygon POINTS="883 795 854 798 851 798 825 798 796 798 766 800 749 800 740 803 743 859 743 885 1138 865 1141 865 1144 865 1164 850 1249 862 1270 862 1273 862 1299 859 1404 836 2227 803 2227 792 2221 730 1504 745 1501 745 1498 745 1477 760 1407 751 1404 751 1401 751 1398 751 1372 771 1050 771 1047 771 883 792 883 795"/></Shape>
	    <String CONTENT="Et pour exécuter le présent testament le testateurma"
                    HPOS="740"
                    VPOS="730"
                    WIDTH="1487"
                    HEIGHT="155"></String>
          </TextLine>

          
          
          <TextLine ID="eSc_line_3c5f9713"
                    TAGREFS="LT777"
                    BASELINE="678 938 1709 874 2279 862" 
                    HPOS="673"
                    VPOS="795"
                    WIDTH="1606"
                    HEIGHT="155">
            <Shape><Polygon POINTS="2191 795 2162 795 2156 795 1989 812 1931 798 1931 800 1902 800 1875 800 1791 821 1767 803 1764 803 1761 803 1758 803 1527 812 1521 815 1512 815 1510 815 1457 838 1349 824 1346 824 1340 824 1287 853 1188 833 1173 833 1120 862 1117 862 971 856 968 856 965 856 962 856 948 868 930 853 927 853 924 853 921 853 918 853 845 877 796 862 793 862 790 862 787 862 784 862 784 865 781 865 769 882 673 885 678 938 678 950 2279 871 2279 862 2273 803 2209 795 2191 795"/></Shape>
	    <String CONTENT="choisi la personne du susdit S^r Beaudeau les les mains"
                    HPOS="673"
                    VPOS="795"
                    WIDTH="1606"
                    HEIGHT="155"></String>
          </TextLine>

          
          
          <TextLine ID="eSc_line_f86d78ab"
                    TAGREFS="LT777"
                    BASELINE="670 1005 2074 923" 
                    HPOS="667"
                    VPOS="868"
                    WIDTH="1407"
                    HEIGHT="155">
            <Shape><Polygon POINTS="1981 871 1951 871 1922 871 1893 871 1864 871 1834 874 1805 874 1802 874 1770 888 1688 874 1688 877 1659 879 1653 879 1618 897 1463 888 1454 891 1425 894 1398 894 1354 912 1293 900 1278 903 1249 903 1220 906 1214 906 1103 926 1050 915 1044 917 1015 917 986 920 977 920 915 938 842 926 839 929 810 932 796 932 716 950 702 938 693 938 667 967 670 1005 670 1023 918 1023 918 1020 1106 993 1147 991 1161 991 1232 999 1234 999 1237 999 1273 985 1278 982 1284 985 1308 996 1311 996 1313 996 1422 991 1425 991 1472 973 1477 970 1483 973 1515 985 1518 985 1521 985 1650 961 1676 958 1720 958 1908 958 1910 958 2071 935 2074 923 2069 874 1981 868 1981 871"/></Shape>
	    <String CONTENT="duquel il se désaisit de tous ses biens le cas Echéant."
                    HPOS="667"
                    VPOS="868"
                    WIDTH="1407"
                    HEIGHT="155"></String>
          </TextLine>

          
          
          <TextLine ID="eSc_line_29136d66"
                    TAGREFS="LT777"
                    BASELINE="743 1072 1123 1061 1837 1011 2235 1002" 
                    HPOS="737"
                    VPOS="915"
                    WIDTH="1498"
                    HEIGHT="187">
            <Shape><Polygon POINTS="2022 929 1992 929 1987 929 1984 932 1937 953 1864 938 1855 935 1846 938 1820 941 1808 941 1799 944 1758 958 1565 961 1410 961 1410 964 1407 964 1404 964 1401 964 1401 967 1398 967 1395 973 1387 982 1290 979 1167 976 1147 979 1117 982 1114 982 1082 993 1065 999 1021 999 880 993 854 996 825 996 796 999 772 999 737 1014 743 1072 743 1087 790 1102 793 1102 796 1102 1170 1081 1173 1081 1176 1081 1196 1067 1199 1067 1211 1067 1281 1075 1284 1075 1357 1061 1401 1052 1477 1055 1548 1058 1551 1058 1586 1049 1630 1040 1650 1046 1668 1055 1671 1055 1673 1055 1676 1055 1697 1046 1711 1037 1767 1043 1814 1046 1817 1046 1820 1046 1823 1046 1834 1040 1855 1026 2235 1020 2235 1002 2227 915 2124 938 2025 929 2022 926 2022 929"/></Shape>
	    <String CONTENT="Ce fut ainsi fait dicté et nommés par ledit testateur"
                    HPOS="737"
                    VPOS="915"
                    WIDTH="1498"
                    HEIGHT="187"></String>
          </TextLine>

          
          
          <TextLine ID="eSc_line_f788bc75"
                    TAGREFS="LT777"
                    BASELINE="681 1154 1834 1090 2256 1078" 
                    HPOS="676"
                    VPOS="1005"
                    WIDTH="1580"
                    HEIGHT="176">
            <Shape><Polygon POINTS="2194 1005 2165 1005 2159 1005 1998 1031 1954 1037 1919 1034 1791 1023 1788 1023 1785 1023 1747 1040 1732 1049 1697 1043 1624 1031 1621 1031 1533 1037 1530 1037 1504 1052 1486 1061 1460 1052 1428 1043 1425 1043 1422 1043 1343 1046 1319 1049 1290 1052 1275 1052 1243 1061 1176 1078 980 1075 977 1075 831 1096 801 1078 798 1078 796 1078 793 1078 790 1078 787 1078 743 1099 676 1084 681 1154 681 1181 857 1163 915 1172 927 1172 930 1172 933 1172 939 1169 989 1151 1082 1163 1106 1163 1109 1163 1153 1157 1319 1134 1378 1145 1401 1148 1404 1148 1454 1140 1571 1119 1627 1131 1647 1134 1650 1134 1653 1134 1665 1128 1700 1110 2253 1093 2256 1078 2250 1020 2194 1005 2194 1005"/></Shape>
	    <String CONTENT="à pierre yves Belu notaire public demeurant en cette Ville"
                    HPOS="676"
                    VPOS="1005"
                    WIDTH="1580"
                    HEIGHT="176"></String>
          </TextLine>

          
          
          <TextLine ID="eSc_line_008a869c"
                    TAGREFS="LT777"
                    BASELINE="676 1227 1867 1163 2224 1157" 
                    HPOS="670"
                    VPOS="1084"
                    WIDTH="1554"
                    HEIGHT="173">
            <Shape><Polygon POINTS="1074 1134 1071 1134 1009 1148 954 1160 898 1151 845 1145 839 1145 790 1157 722 1172 670 1163 676 1227 676 1239 728 1257 731 1257 734 1257 825 1236 1132 1236 1132 1233 1135 1233 1185 1219 1205 1213 1229 1216 1302 1227 1305 1227 1454 1207 1539 1195 1592 1201 1656 1207 1659 1207 1662 1207 1694 1195 1714 1189 1732 1195 1758 1204 1761 1204 1764 1204 1767 1204 1802 1192 1831 1178 2224 1172 2224 1157 2218 1096 2162 1084 2159 1084 1960 1105 1940 1090 1937 1090 1934 1090 1931 1090 1928 1090 1864 1110 1767 1099 1764 1099 1761 1099 1706 1119 1697 1122 1691 1119 1673 1110 1671 1110 1668 1110 1577 1125 1533 1131 1518 1128 1477 1113 1474 1113 1472 1113 1469 1113 1431 1131 1413 1137 1360 1134 1258 1125 1255 1125 1179 1140 1129 1151 1106 1143 1076 1134 1074 1134"/></Shape>
	    <String CONTENT="rüe de l&#39;hopital, au Citoyen Jean Louis Giraud ouvrier"
                    HPOS="670"
                    VPOS="1084"
                    WIDTH="1554"
                    HEIGHT="173"></String>
          </TextLine>

          
          
          <TextLine ID="eSc_line_8e212f48"
                    TAGREFS="LT777"
                    BASELINE="681 1300 2224 1224" 
                    HPOS="676"
                    VPOS="1160"
                    WIDTH="1548"
                    HEIGHT="158">
            <Shape><Polygon POINTS="2197 1160 2183 1160 2092 1178 1998 1166 1981 1166 1978 1166 1975 1166 1966 1169 1919 1189 1870 1175 1867 1175 1864 1175 1861 1175 1858 1175 1852 1178 1799 1195 1723 1183 1685 1181 1682 1181 1679 1181 1656 1189 1638 1195 1556 1195 1460 1195 1457 1195 1454 1195 1451 1195 1451 1198 1448 1198 1445 1204 1436 1213 1322 1210 1153 1207 1150 1207 1147 1207 1076 1227 1059 1230 1021 1230 877 1224 875 1224 676 1251 681 1300 681 1318 1267 1300 1466 1280 1571 1268 1580 1274 1600 1283 1603 1283 1606 1283 1811 1259 1855 1257 1881 1257 2042 1262 2045 1262 2224 1236 2224 1224 2215 1160 2197 1160"/></Shape>
	    <String CONTENT="en cette Ville y demeurant rüe Nationale et au Citoyen"
                    HPOS="676"
                    VPOS="1160"
                    WIDTH="1548"
                    HEIGHT="158"></String>
          </TextLine>

          
          
          <TextLine ID="eSc_line_19e0ba0d"
                    TAGREFS="LT777"
                    BASELINE="681 1376 2241 1300" 
                    HPOS="676"
                    VPOS="1248"
                    WIDTH="1565"
                    HEIGHT="158">
            <Shape><Polygon POINTS="681 1376 684 1406 734 1388 772 1400 778 1403 781 1403 784 1403 787 1403 790 1403 790 1400 793 1400 804 1385 872 1394 910 1400 913 1400 915 1400 939 1391 980 1373 1012 1388 1030 1394 1033 1394 1035 1394 1153 1388 1155 1388 1158 1388 1170 1376 1188 1365 1290 1371 1360 1373 1363 1373 1366 1373 1384 1365 1404 1353 1501 1359 1635 1365 1638 1365 1767 1341 1823 1333 1867 1335 1995 1347 1998 1347 2001 1347 2004 1347 2028 1327 2033 1324 2042 1327 2118 1341 2121 1341 2241 1312 2241 1300 2235 1254 1881 1265 1878 1265 1820 1248 1817 1248 1814 1248 1700 1254 1697 1254 1644 1274 1632 1280 1574 1277 1419 1271 1416 1271 1413 1271 1410 1271 1410 1274 1398 1286 1390 1292 1372 1286 1349 1280 1346 1280 1343 1280 1340 1280 1337 1280 1328 1289 1322 1295 1313 1289 1284 1274 1281 1274 1278 1274 1079 1297 956 1312 930 1303 904 1295 901 1295 898 1295 895 1295 866 1306 845 1315 825 1306 801 1297 798 1297 796 1297 676 1312 681 1376"/></Shape>
	    <String CONTENT="antoine poivret garde de la Municipalité témoins pour ce"
                    HPOS="676"
                    VPOS="1248"
                    WIDTH="1565"
                    HEIGHT="158"></String>
          </TextLine>

          
          
          <TextLine ID="eSc_line_c8e88087"
                    TAGREFS="LT777"
                    BASELINE="681 1449 2300 1362" 
                    HPOS="678"
                    VPOS="1297"
                    WIDTH="1622"
                    HEIGHT="188">
            <Shape><Polygon POINTS="2227 1303 2203 1303 2124 1318 2080 1327 2071 1321 2054 1309 2051 1312 2030 1312 2001 1324 1992 1327 1969 1327 1890 1318 1875 1321 1867 1321 1864 1321 1858 1330 1849 1341 1750 1344 1711 1338 1668 1330 1665 1330 1662 1330 1659 1330 1659 1333 1656 1333 1650 1341 1641 1353 1594 1353 1551 1344 1518 1338 1515 1338 1512 1338 1486 1347 1457 1359 1436 1350 1425 1344 1422 1344 1419 1344 1217 1353 1214 1353 1188 1362 1135 1379 892 1391 851 1376 842 1373 839 1373 836 1373 834 1373 813 1379 728 1400 678 1385 681 1449 681 1467 722 1485 725 1485 728 1485 731 1485 790 1461 793 1461 804 1461 951 1473 954 1473 956 1473 1018 1449 1056 1467 1059 1467 1062 1467 1114 1464 1117 1464 1120 1464 1120 1461 1123 1461 1138 1444 1270 1455 1273 1455 1404 1429 1410 1429 1416 1429 1594 1438 1597 1438 1600 1438 1650 1414 1656 1414 1720 1411 1723 1411 1755 1429 1758 1429 1761 1429 1764 1429 1814 1406 1817 1406 1820 1406 1846 1417 1849 1417 1852 1417 2104 1391 2139 1388 2142 1388 2165 1406 2168 1406 2171 1406 2174 1406 2300 1379 2300 1362 2294 1309 2244 1297 2241 1297 2238 1297 2227 1297 2227 1303"/></Shape>
	    <String CONTENT="requis et après appellés en présence des quels le présent testement ayant"
                    HPOS="678"
                    VPOS="1297"
                    WIDTH="1622"
                    HEIGHT="188"></String>
          </TextLine>

          
          
          <TextLine ID="eSc_line_963101b1"
                    TAGREFS="LT777"
                    BASELINE="676 1514 1097 1505 2297 1435" 
                    HPOS="670"
                    VPOS="1365"
                    WIDTH="1627"
                    HEIGHT="166">
            <Shape><Polygon POINTS="1811 1391 1805 1391 1802 1391 1799 1391 1796 1394 1773 1411 1717 1400 1700 1397 1697 1397 1694 1397 1679 1403 1632 1420 1527 1411 1483 1409 1480 1409 1477 1409 1474 1409 1474 1411 1472 1411 1469 1414 1457 1429 1349 1423 1337 1423 1334 1423 1331 1423 1325 1423 1275 1438 1240 1429 1214 1423 1211 1423 1208 1423 1205 1423 1188 1432 1167 1444 1147 1435 1129 1429 1126 1429 1123 1429 1120 1429 1117 1429 1109 1438 1091 1452 825 1464 807 1458 784 1447 781 1447 778 1447 670 1464 676 1514 676 1531 2297 1452 2297 1435 2288 1365 2121 1394 1940 1385 1908 1385 1905 1385 1817 1388 1811 1391"/></Shape>
	    <String CONTENT="été lû et relû au mot après l&#39;autre au dit testateur il a déclaré y persister"
                    HPOS="670"
                    VPOS="1365"
                    WIDTH="1627"
                    HEIGHT="166"></String>
          </TextLine>

          
          
          <TextLine ID="eSc_line_fd04b95c"
                    TAGREFS="LT777"
                    BASELINE="681 1578 2297 1499" 
                    HPOS="676"
                    VPOS="1438"
                    WIDTH="1621"
                    HEIGHT="166">
            <Shape><Polygon POINTS="2276 1438 2262 1452 2241 1438 2227 1441 2197 1441 2189 1441 2089 1461 2057 1449 2051 1449 2022 1452 1978 1467 1916 1458 1905 1458 1875 1461 1855 1461 1846 1470 1791 1464 1788 1467 1758 1467 1729 1470 1700 1470 1671 1473 1659 1473 1630 1485 1466 1485 1436 1487 1407 1487 1378 1490 1349 1490 1319 1493 1290 1496 1261 1496 1232 1499 1226 1499 1211 1505 1153 1502 1144 1505 1114 1505 1085 1508 1056 1508 1027 1508 997 1508 968 1508 939 1511 910 1511 901 1511 880 1520 845 1514 822 1511 793 1514 763 1514 755 1514 676 1523 681 1578 681 1604 2297 1517 2297 1499 2282 1438 2276 1438"/></Shape>
	    <String CONTENT="et être ses dernieres voontés, révoquants tout autre testament"
                    HPOS="676"
                    VPOS="1438"
                    WIDTH="1621"
                    HEIGHT="166"></String>
          </TextLine>

          
          
          <TextLine ID="eSc_line_b356bd86"
                    TAGREFS="LT777"
                    BASELINE="681 1639 2300 1561" 
                    HPOS="678"
                    VPOS="1511"
                    WIDTH="1622"
                    HEIGHT="143">
            <Shape><Polygon POINTS="790 1575 787 1575 725 1593 678 1581 681 1639 681 1654 1395 1639 1398 1639 1401 1639 1422 1622 1422 1619 1612 1610 1621 1610 1697 1625 1700 1625 1703 1625 1706 1625 1706 1622 1723 1604 1726 1604 1758 1604 1949 1607 1951 1607 1954 1607 1957 1607 1957 1604 1972 1593 1972 1590 2297 1575 2300 1561 2294 1514 2118 1511 2115 1511 2112 1511 2109 1511 2098 1523 2092 1525 2077 1525 2013 1517 2010 1517 1899 1531 1849 1537 1837 1534 1817 1525 1814 1525 1811 1525 1562 1546 1316 1563 1258 1558 1232 1555 1229 1555 1194 1561 1091 1575 1053 1566 1044 1563 1041 1563 1038 1563 1035 1563 1024 1566 968 1581 813 1575 796 1575 793 1575 790 1575"/></Shape>
	    <String CONTENT="ou Codicile qu&#39;il aurait pu faire avant le présent auquel seul il"
                    HPOS="678"
                    VPOS="1511"
                    WIDTH="1622"
                    HEIGHT="143"></String>
          </TextLine>

          
          
          <TextLine ID="eSc_line_d645cce8"
                    TAGREFS="LT777"
                    BASELINE="676 1707 1328 1680 2294 1613" 
                    HPOS="673"
                    VPOS="1563"
                    WIDTH="1621"
                    HEIGHT="179">
            <Shape><Polygon POINTS="2276 1563 2253 1563 2215 1575 2171 1566 2162 1569 2133 1569 2121 1569 2112 1578 1987 1578 1957 1578 1928 1581 1899 1581 1870 1584 1840 1584 1811 1587 1782 1587 1752 1590 1723 1590 1697 1590 1697 1593 1679 1607 1624 1599 1603 1596 1594 1596 1583 1601 1539 1616 1510 1604 1498 1601 1495 1601 1492 1601 1489 1601 1472 1607 1433 1625 1240 1634 1220 1625 1208 1619 1205 1619 1202 1619 1199 1619 1179 1628 1150 1639 1074 1634 1012 1631 1009 1631 673 1660 676 1707 678 1742 725 1724 810 1733 819 1733 822 1733 825 1733 831 1733 872 1715 1050 1715 1109 1715 1112 1715 1144 1710 1217 1695 1296 1698 1346 1701 1349 1701 2291 1628 2294 1613 2282 1563 2276 1563"/></Shape>
	    <String CONTENT="s&#39;arrête, fait et passé en Brevet à la réquisition du dit testateur au"
                    HPOS="673"
                    VPOS="1563"
                    WIDTH="1621"
                    HEIGHT="179"></String>
          </TextLine>

          
          
          <TextLine ID="eSc_line_5939746a"
                    TAGREFS="LT777"
                    BASELINE="676 1777 2291 1675" 
                    HPOS="670"
                    VPOS="1616"
                    WIDTH="1621"
                    HEIGHT="176">
            <Shape><Polygon POINTS="2276 1616 2250 1616 2224 1631 2089 1628 2071 1631 2042 1631 2013 1634 1984 1637 1954 1639 1925 1639 1905 1639 1864 1654 1808 1648 1782 1651 1752 1651 1723 1654 1714 1654 1697 1663 1671 1657 1665 1657 1635 1660 1606 1663 1577 1666 1568 1666 1539 1675 1492 1669 1489 1672 1460 1672 1431 1675 1401 1677 1372 1677 1343 1680 1313 1683 1284 1683 1267 1683 1176 1695 1141 1692 1126 1689 1109 1692 1079 1692 1050 1692 1021 1695 992 1695 962 1698 959 1698 954 1704 939 1713 883 1710 766 1704 763 1704 670 1724 676 1777 676 1792 2291 1698 2291 1675 2279 1616 2276 1616"/></Shape>
	    <String CONTENT="Port Louis Jsle de France en L&#39;Etude l&#39;an deux de la Rép^que française"
                    HPOS="670"
                    VPOS="1616"
                    WIDTH="1621"
                    HEIGHT="176"></String>
          </TextLine>

          
          
          <TextLine ID="eSc_line_38e3d94e"
                    TAGREFS="LT777"
                    BASELINE="684 1838 2308 1733" 
                    HPOS="678"
                    VPOS="1680"
                    WIDTH="1630"
                    HEIGHT="179">
            <Shape><Polygon POINTS="684 1838 684 1853 898 1859 901 1859 904 1859 942 1838 945 1838 1041 1847 1044 1847 1047 1847 1100 1827 1106 1827 1117 1827 1217 1832 1220 1832 1223 1832 1226 1832 1226 1830 1229 1830 1237 1818 1246 1818 1360 1830 1363 1830 1366 1830 1451 1803 1457 1803 1460 1803 1492 1821 1495 1821 1498 1821 1641 1792 1650 1792 1653 1792 1694 1806 1697 1806 1700 1806 1861 1797 2308 1748 2308 1733 2300 1680 678 1786 684 1838"/></Shape>
	    <String CONTENT="le vendredy trois may mil sept cent quatre vingt treize dix heures du"
                    HPOS="678"
                    VPOS="1680"
                    WIDTH="1630"
                    HEIGHT="179"></String>
          </TextLine>

          
          
          <TextLine ID="eSc_line_f94f3fab"
                    TAGREFS="LT777"
                    BASELINE="684 1903 2288 1794" 
                    HPOS="678"
                    VPOS="1736"
                    WIDTH="1610"
                    HEIGHT="178">
            <Shape><Polygon POINTS="2256 1739 2227 1739 2197 1742 2168 1745 2159 1745 1717 1789 1697 1777 1691 1774 1671 1777 1641 1777 1612 1780 1583 1783 1553 1783 1542 1783 1477 1794 1369 1812 1325 1806 1281 1800 1264 1803 1261 1803 1249 1812 1234 1821 1150 1821 997 1818 971 1821 962 1821 904 1838 883 1844 863 1844 798 1835 796 1835 678 1856 684 1903 684 1914 2288 1818 2288 1794 2279 1736 2256 1739"/></Shape>
	    <String CONTENT="matin et le testateur a Signé avec les temoins et le Notaire Signé"
                    HPOS="678"
                    VPOS="1736"
                    WIDTH="1610"
                    HEIGHT="178"></String>
          </TextLine>

          
          
          <TextLine ID="eSc_line_a9e74379"
                    TAGREFS="LT777"
                    BASELINE="678 1964 1799 1894" 
                    HPOS="673"
                    VPOS="1844"
                    WIDTH="1126"
                    HEIGHT="146">
            <Shape><Polygon POINTS="1375 1859 1346 1859 1316 1862 1287 1865 1258 1865 1229 1868 1205 1868 1179 1882 1176 1882 1150 1870 1141 1873 1112 1876 1082 1876 1071 1876 965 1894 945 1897 921 1897 804 1894 790 1897 760 1900 731 1900 702 1903 699 1900 673 1908 678 1964 678 1990 877 1967 980 1973 1000 1973 1003 1973 1006 1973 1012 1970 1038 1958 1109 1964 1132 1964 1135 1964 1138 1964 1141 1964 1141 1961 1144 1961 1153 1949 1234 1955 1273 1955 1275 1955 1278 1955 1281 1955 1287 1949 1299 1941 1343 1946 1375 1949 1378 1949 1796 1911 1799 1894 1791 1844 1398 1856 1375 1859"/></Shape>
	    <String CONTENT="J. B. Dumas présent, j. h. Girault et Balu"
                    HPOS="673"
                    VPOS="1844"
                    WIDTH="1126"
                    HEIGHT="146"></String>
          </TextLine>

          
          
          <TextLine ID="eSc_line_05c7d337"
                    TAGREFS="LT777"
                    BASELINE="681 2037 2320 1911" 
                    HPOS="676"
                    VPOS="1859"
                    WIDTH="1644"
                    HEIGHT="207">
            <Shape><Polygon POINTS="1785 1897 1755 1897 1726 1900 1717 1900 1714 1903 1706 1900 1697 1903 1668 1903 1638 1906 1618 1906 1615 1911 1521 1920 1407 1929 1398 1929 1366 1923 1346 1923 1316 1926 1311 1926 1287 1938 1284 1938 1246 1929 1229 1932 1211 1932 1205 1944 1202 1944 1199 1944 1047 1941 1024 1944 1012 1944 1006 1958 939 1949 936 1949 927 1949 901 1967 898 1970 676 1984 681 2037 681 2060 757 2066 760 2066 763 2066 790 2052 804 2043 819 2052 828 2058 831 2058 834 2058 836 2058 948 2052 951 2052 954 2052 954 2049 956 2049 962 2040 965 2034 1147 2017 1237 2017 1404 2017 1407 2017 1410 2017 1492 1996 1524 1987 1542 1990 1577 2002 1580 2002 1583 2002 1706 1982 1788 1987 1791 1987 1793 1987 1864 1964 1878 1961 1908 1961 2054 1967 2057 1967 2320 1926 2320 1911 2311 1859 2054 1862 2051 1862 2048 1862 2019 1879 2013 1885 1814 1897 1788 1897 1785 1894 1785 1897"/></Shape>
	    <String CONTENT="En marge est écrit controlé au port Louis Jsle de France ce 24 mars"
                    HPOS="676"
                    VPOS="1859"
                    WIDTH="1644"
                    HEIGHT="207"></String>
          </TextLine>

          
          
          <TextLine ID="eSc_line_24d63ebe"
                    TAGREFS="LT777"
                    BASELINE="693 2096 1632 2028" 
                    HPOS="687"
                    VPOS="1967"
                    WIDTH="945"
                    HEIGHT="181">
            <Shape><Polygon POINTS="1474 1979 1457 1979 1454 1979 1439 1999 1384 2002 1325 1990 1316 1987 1302 1990 1293 1990 1258 2011 1199 1999 1185 1999 1155 2002 1138 2002 1132 2005 1012 2031 687 2037 693 2096 696 2148 883 2125 948 2131 962 2131 965 2131 968 2131 977 2128 1065 2093 1126 2116 1129 2116 1132 2116 1135 2116 1138 2116 1147 2113 1217 2087 1237 2104 1240 2107 1240 2110 1243 2110 1246 2110 1249 2110 1296 2107 1299 2107 1322 2098 1390 2069 1632 2069 1632 2028 1621 1967 1577 1982 1498 1976 1474 1979"/></Shape>
	    <String CONTENT="1794 reçu quarante Sils Signé Sevrier."
                    HPOS="687"
                    VPOS="1967"
                    WIDTH="945"
                    HEIGHT="181"></String>
          </TextLine>

          
        </TextBlock>
        
        <TextBlock HPOS="999"
                   VPOS="2005"
                   WIDTH="1385"
                   HEIGHT="414"
                   ID="eSc_textblock_fe89b484"
                   TAGREFS="BT1941">
          <Shape><Polygon POINTS="999 2085 999 2419 2384 2419 2360 2005"/></Shape>
          
          
          <TextLine ID="eSc_line_daa2c3ad"
                    TAGREFS="LT777"
                    BASELINE="1059 2134 1486 2119 2344 2058" 
                    HPOS="1053"
                    VPOS="1987"
                    WIDTH="1291"
                    HEIGHT="182">
            <Shape><Polygon POINTS="1480 2040 1469 2046 1451 2055 1407 2052 1366 2049 1363 2049 1360 2049 1343 2058 1299 2078 1243 2078 1229 2063 1226 2063 1226 2060 1223 2060 1220 2060 1217 2060 1214 2060 1199 2066 1158 2084 1053 2078 1059 2134 1059 2157 1150 2169 1153 2169 1316 2142 1334 2139 1346 2139 1457 2148 1460 2148 1463 2148 1515 2128 1518 2128 1524 2128 1600 2139 1603 2139 1606 2139 1694 2116 1697 2116 1714 2131 1717 2131 1720 2131 1723 2131 1843 2110 2086 2110 2086 2107 2089 2107 2092 2107 2092 2104 2107 2093 2241 2098 2244 2098 2247 2098 2344 2072 2344 2058 2335 1987 2112 2022 1960 2014 1957 2014 1954 2014 1893 2037 1826 2022 1820 2022 1817 2022 1814 2022 1808 2022 1711 2049 1694 2034 1691 2034 1688 2034 1685 2034 1682 2034 1679 2034 1679 2037 1662 2055 1548 2058 1507 2046 1492 2040 1480 2040"/></Shape>
	    <String CONTENT="Enregistré par moi Greffier du Tribunal d&#39;appel de l&#39;isle de France Soussigné"
                    HPOS="1053"
                    VPOS="1987"
                    WIDTH="1291"
                    HEIGHT="182"></String>
          </TextLine>

          
          
          <TextLine ID="eSc_line_465f9ced"
                    TAGREFS="LT777"
                    BASELINE="1065 2201 2019 2157 2349 2125" 
                    HPOS="1059"
                    VPOS="2075"
                    WIDTH="1290"
                    HEIGHT="152">
            <Shape><Polygon POINTS="2048 2081 2045 2081 2042 2081 2039 2081 2039 2084 2028 2093 2019 2104 1858 2110 1840 2101 1831 2096 1820 2096 1791 2098 1785 2098 1773 2101 1717 2116 1673 2107 1644 2110 1621 2110 1597 2125 1401 2134 1384 2122 1381 2125 1352 2125 1322 2125 1293 2128 1264 2128 1226 2142 1059 2134 1065 2201 1065 2218 1164 2227 1167 2227 1258 2210 1290 2204 1305 2207 1343 2218 1346 2218 1349 2218 1352 2218 1390 2204 1404 2198 1416 2201 1457 2212 1460 2212 1463 2212 1466 2212 1498 2198 1504 2195 1512 2195 1571 2207 1574 2207 1577 2207 1615 2192 1627 2186 1703 2186 1910 2189 1913 2189 2013 2169 2039 2166 2048 2169 2080 2180 2083 2180 2086 2180 2089 2180 2156 2163 2183 2154 2349 2151 2349 2125 2344 2078 2142 2075 2139 2075 2136 2075 2133 2075 2115 2090 2107 2096 2086 2090 2051 2081 2048 2081"/></Shape>
	    <String CONTENT="Conforme à L&#39;Expédition representé &amp; rendü, après mention faite sur icelle"
                    HPOS="1059"
                    VPOS="2075"
                    WIDTH="1290"
                    HEIGHT="152"></String>
          </TextLine>

          
          
          <TextLine ID="eSc_line_c3b9de4e"
                    TAGREFS="LT777"
                    BASELINE="1030 2265 1755 2248 2361 2189" 
                    HPOS="1027"
                    VPOS="2134"
                    WIDTH="1334"
                    HEIGHT="172">
            <Shape><Polygon POINTS="2019 2157 1989 2160 1987 2160 1969 2177 1843 2183 1820 2172 1814 2166 1814 2169 1785 2169 1776 2169 1764 2174 1729 2189 1665 2183 1609 2174 1609 2177 1580 2177 1568 2177 1562 2189 1562 2192 1556 2192 1518 2183 1515 2183 1512 2183 1477 2195 1460 2204 1445 2198 1419 2189 1416 2189 1413 2189 1410 2189 1357 2204 1352 2207 1346 2207 1311 2192 1287 2192 1284 2192 1144 2221 1138 2221 1135 2221 1088 2201 1085 2201 1082 2201 1079 2201 1030 2224 1027 2253 1030 2265 1033 2306 1085 2286 1109 2300 1112 2300 1114 2300 1117 2300 1120 2300 1182 2283 1264 2291 1352 2300 1354 2300 1357 2300 1413 2280 1419 2280 1422 2280 1463 2291 1466 2291 1469 2291 1472 2291 1474 2291 1474 2288 1489 2277 1492 2274 1495 2277 1536 2288 1539 2288 1542 2288 1682 2268 1779 2277 1782 2277 1785 2277 1831 2253 1890 2262 1893 2262 1896 2262 1954 2245 2001 2265 2004 2265 2007 2265 2101 2256 2104 2256 2107 2256 2133 2233 2148 2245 2150 2245 2153 2245 2156 2245 2159 2245 2162 2245 2162 2242 2177 2230 2180 2224 2361 2215 2361 2189 2352 2134 2060 2172 2022 2157 2019 2157"/></Shape>
	    <String CONTENT="du present Enregistrement ce jour vingt six mars mil sept cent quatre vingt"
                    HPOS="1027"
                    VPOS="2134"
                    WIDTH="1334"
                    HEIGHT="172"></String>
          </TextLine>

          
          
          <TextLine ID="eSc_line_4d40a2c8"
                    TAGREFS="LT777"
                    BASELINE="1068 2329 1255 2329" 
                    HPOS="1068"
                    VPOS="2280"
                    WIDTH="187"
                    HEIGHT="87">
            <Shape><Polygon POINTS="1068 2329 1071 2367 1138 2347 1161 2356 1185 2367 1188 2367 1191 2367 1194 2367 1255 2344 1255 2329 1252 2280 1068 2280 1068 2329"/></Shape>
	    <String CONTENT="quatorze"
                    HPOS="1068"
                    VPOS="2280"
                    WIDTH="187"
                    HEIGHT="87"></String>
          </TextLine>

          
          
          <TextLine ID="eSc_line_ed135cad"
                    TAGREFS="LT777"
                    BASELINE="1349 2353 1548 2370" 
                    HPOS="1343"
                    VPOS="2291"
                    WIDTH="208"
                    HEIGHT="144">
            <Shape><Polygon POINTS="1349 2353 1343 2408 1539 2435 1548 2370 1551 2318 1457 2291 1454 2291 1451 2291 1448 2291 1445 2291 1425 2306 1422 2306 1352 2300 1349 2353"/></Shape>
	    <String CONTENT="Testament"
                    HPOS="1343"
                    VPOS="2291"
                    WIDTH="208"
                    HEIGHT="144"></String>
          </TextLine>

          
        </TextBlock>
        
        <TextBlock HPOS="165"
                   VPOS="2492"
                   WIDTH="540"
                   HEIGHT="502"
                   ID="eSc_textblock_124dff9f"
                   TAGREFS="BT1931">
          <Shape><Polygon POINTS="165 2496 169 2994 705 2994 701 2492"/></Shape>
          
          
          <TextLine ID="eSc_line_58936fa2"
                    TAGREFS="LT777"
                    BASELINE="201 2613 629 2590" 
                    HPOS="201"
                    VPOS="2511"
                    WIDTH="428"
                    HEIGHT="117">
            <Shape><Polygon POINTS="225 2528 201 2587 201 2613 201 2628 573 2625 576 2625 629 2601 629 2590 620 2522 447 2531 444 2531 427 2516 424 2516 421 2516 418 2516 415 2516 357 2534 333 2514 333 2511 330 2511 327 2511 324 2511 248 2511 225 2528"/></Shape>
	    <String CONTENT="d&#39;Elisabeth"
                    HPOS="201"
                    VPOS="2511"
                    WIDTH="428"
                    HEIGHT="117"></String>
          </TextLine>

          
          
          <TextLine ID="eSc_line_33220729"
                    TAGREFS="LT777"
                    BASELINE="193 2689 599 2674" 
                    HPOS="190"
                    VPOS="2604"
                    WIDTH="409"
                    HEIGHT="108">
            <Shape><Polygon POINTS="190 2619 193 2689 193 2712 597 2692 599 2674 591 2604 512 2619 482 2607 474 2604 471 2604 468 2604 465 2604 462 2604 459 2607 433 2625 412 2610 409 2607 406 2607 403 2607 400 2607 374 2610 266 2631 196 2619 190 2619"/></Shape>
	    <String CONTENT="Thomas"
                    HPOS="190"
                    VPOS="2604"
                    WIDTH="409"
                    HEIGHT="108"></String>
          </TextLine>

          
          
          <TextLine ID="eSc_line_2d5c1cc8"
                    TAGREFS="LT777"
                    BASELINE="231 2780 576 2765" 
                    HPOS="225"
                    VPOS="2695"
                    WIDTH="351"
                    HEIGHT="111">
            <Shape><Polygon POINTS="231 2780 231 2806 503 2783 509 2783 547 2794 550 2794 553 2794 556 2794 558 2794 576 2780 576 2765 567 2715 383 2721 371 2712 354 2698 354 2695 351 2695 348 2695 345 2695 225 2709 231 2780"/></Shape>
	    <String CONTENT="F^r led. Thomas au."
                    HPOS="225"
                    VPOS="2695"
                    WIDTH="351"
                    HEIGHT="111"></String>
          </TextLine>

          
          
          <TextLine ID="eSc_line_9f914555"
                    TAGREFS="LT777"
                    BASELINE="231 2938 691 2917" 
                    HPOS="222"
                    VPOS="2847"
                    WIDTH="468"
                    HEIGHT="143">
            <Shape><Polygon POINTS="228 2937 228 2973 278 2990 280 2990 283 2990 339 2987 342 2987 345 2987 345 2984 362 2967 365 2967 368 2967 424 2981 427 2981 430 2981 433 2981 494 2961 517 2955 553 2958 629 2970 632 2970 635 2970 690 2952 690 2914 681 2859 485 2879 415 2864 339 2847 336 2847 222 2867 228 2937"/></Shape>
	    <String CONTENT="Par devant les Notaires publics à L&#39;isle de France"
                    HPOS="222"
                    VPOS="2847"
                    WIDTH="468"
                    HEIGHT="143"></String>
          </TextLine>

          
        </TextBlock>
        
        <TextBlock HPOS="698"
                   VPOS="2457"
                   WIDTH="1665"
                   HEIGHT="670"
                   ID="eSc_textblock_283264ca"
                   TAGREFS="BT1930">
          <Shape><Polygon POINTS="708 2489 698 3127 2363 3078 2363 2457"/></Shape>
          
          
          <TextLine ID="eSc_line_155920dc"
                    TAGREFS="LT777"
                    BASELINE="708 2584 1893 2534 2308 2499" 
                    HPOS="702"
                    VPOS="2455"
                    WIDTH="1606"
                    HEIGHT="140">
            <Shape><Polygon POINTS="2253 2455 2250 2455 2247 2461 2159 2455 2136 2455 2107 2455 2077 2458 2048 2458 2019 2458 2007 2458 1998 2467 1989 2458 1989 2461 1960 2461 1949 2461 1937 2470 1893 2461 1872 2464 1855 2464 1826 2481 1820 2484 1688 2487 1682 2487 1659 2470 1656 2470 1653 2470 1650 2470 1647 2470 1574 2487 1556 2473 1553 2473 1551 2473 1548 2473 1545 2473 1542 2473 1515 2493 1510 2499 1442 2499 1436 2496 1422 2481 1419 2481 1416 2481 1413 2481 1410 2481 1407 2481 1384 2499 1381 2502 1378 2499 1349 2478 1346 2478 1343 2478 1340 2478 1223 2496 1144 2484 1141 2484 1082 2484 1082 2487 1079 2487 901 2496 898 2496 895 2496 895 2499 886 2480 851 2479 702 2528 708 2584 708 2592 1015 2595 1018 2595 1021 2595 1094 2575 1100 2575 1103 2575 1135 2592 1138 2592 1141 2592 1144 2592 1205 2572 1214 2569 1232 2569 1395 2587 1398 2587 1401 2587 1404 2587 1425 2572 1515 2581 1518 2581 1521 2581 1524 2581 1551 2560 2025 2560 2025 2557 2028 2557 2086 2531 2124 2552 2127 2552 2130 2552 2133 2552 2136 2552 2165 2528 2171 2522 2306 2519 2308 2499 2306 2490 2282 2455"/></Shape>
	    <String CONTENT="Soussignée fut présente Elisabeth Thomas ditte Babet"
                    HPOS="702"
                    VPOS="2455"
                    WIDTH="1606"
                    HEIGHT="140"></String>
          </TextLine>

          
          
          <TextLine ID="eSc_line_d139d427"
                    TAGREFS="LT777"
                    BASELINE="699 2654 2288 2575" 
                    HPOS="696"
                    VPOS="2508"
                    WIDTH="1592"
                    HEIGHT="163">
            <Shape><Polygon POINTS="2069 2519 2048 2519 2039 2528 2030 2540 1969 2540 1931 2534 1925 2531 1922 2534 1893 2534 1870 2534 1870 2537 1861 2549 1738 2552 1685 2549 1650 2546 1630 2546 1600 2549 1571 2549 1542 2552 1521 2552 1492 2557 1457 2566 1448 2560 1439 2554 1425 2554 1398 2554 1381 2566 1369 2569 1352 2566 1311 2557 1308 2560 1278 2560 1252 2560 1229 2572 1214 2578 1153 2578 971 2572 956 2575 927 2575 898 2578 839 2592 819 2581 810 2581 793 2581 696 2601 699 2654 699 2671 1053 2671 1053 2669 1305 2639 1346 2636 1395 2636 1697 2636 1700 2636 2288 2590 2288 2575 2282 2516 2221 2508 2218 2508 2150 2522 2101 2534 2083 2525 2069 2519 2069 2519"/></Shape>
	    <String CONTENT="Citoyenne de Couleur demeurante en sa maison rüe des"
                    HPOS="696"
                    VPOS="2508"
                    WIDTH="1592"
                    HEIGHT="163"></String>
          </TextLine>

          
          
          <TextLine ID="eSc_line_99ca111e"
                    TAGREFS="LT777"
                    BASELINE="718 2740 769 2736 2300 2651" 
                    HPOS="711"
                    VPOS="2587"
                    WIDTH="1586"
                    HEIGHT="187">
            <Shape><Polygon POINTS="716 2739 719 2774 772 2750 939 2753 942 2753 945 2753 995 2739 1024 2753 1024 2756 1027 2756 1030 2756 1033 2756 1126 2750 1129 2750 1132 2750 1132 2747 1135 2747 1150 2727 1512 2709 1606 2718 1662 2721 1665 2721 1668 2721 1711 2709 1744 2704 1785 2707 1846 2709 1849 2709 1852 2709 1855 2709 1870 2701 1884 2692 1946 2695 2030 2701 2033 2701 2036 2701 2095 2686 2142 2674 2297 2674 2297 2648 2291 2604 2139 2587 2136 2587 2133 2587 2042 2613 2030 2616 1992 2616 1858 2610 1855 2610 1788 2625 1767 2628 1750 2625 1665 2613 1662 2613 1659 2613 1618 2631 1597 2639 1568 2633 1507 2622 1504 2622 1369 2631 1366 2631 1363 2631 1363 2633 1352 2642 1340 2651 1316 2645 1284 2636 1281 2636 1278 2636 1275 2636 1237 2648 1185 2663 1129 2651 1088 2645 1085 2645 1082 2645 1079 2645 1068 2654 1050 2669 1009 2657 997 2654 995 2654 992 2654 989 2654 986 2654 983 2660 959 2677 872 2680 842 2666 834 2660 831 2660 828 2660 711 2669 716 2739"/></Shape>
	    <String CONTENT="Pucelles de cette Ville du Port nord Ouest Paroisse S^t Louis"
                    HPOS="711"
                    VPOS="2587"
                    WIDTH="1586"
                    HEIGHT="187"></String>
          </TextLine>

          
          
          <TextLine ID="eSc_line_4b7d2c52"
                    TAGREFS="LT777"
                    BASELINE="725 2826 2294 2733" 
                    HPOS="716"
                    VPOS="2671"
                    WIDTH="1575"
                    HEIGHT="176">
            <Shape><Polygon POINTS="722 2823 722 2847 930 2826 965 2835 989 2841 992 2841 995 2841 997 2841 1000 2841 1012 2832 1033 2818 1182 2812 1194 2821 1202 2829 1205 2829 1208 2829 1211 2829 1214 2829 1240 2818 1264 2806 1302 2812 1354 2821 1357 2821 1360 2821 1395 2806 1419 2794 1556 2788 1571 2794 1594 2806 1597 2806 1600 2806 1747 2783 1802 2774 1811 2777 1837 2791 1840 2791 1843 2791 1846 2791 1893 2777 2145 2777 2145 2774 2288 2745 2291 2730 2285 2677 2057 2671 2054 2671 2051 2671 2004 2689 1969 2674 1966 2674 1963 2674 1960 2674 1957 2674 1925 2695 1867 2680 1864 2680 1861 2680 1650 2712 1618 2689 1615 2689 1612 2689 1609 2689 1606 2689 1501 2721 1404 2701 1401 2701 1205 2712 1202 2712 1076 2745 962 2727 959 2727 956 2727 954 2727 901 2759 816 2762 772 2739 769 2739 766 2739 763 2739 760 2739 716 2762 722 2823"/></Shape>
	    <String CONTENT="fille majeure de füe la Nommée Catherine"
                    HPOS="716"
                    VPOS="2671"
                    WIDTH="1575"
                    HEIGHT="176"></String>
          </TextLine>

          
          
          <TextLine ID="eSc_line_2150e5d2"
                    TAGREFS="LT777"
                    BASELINE="722 2909 1841 2850" 
                    HPOS="714"
                    VPOS="2780"
                    WIDTH="1126"
                    HEIGHT="157">
            <Shape><Polygon POINTS="719 2908 722 2937 775 2917 875 2929 877 2929 880 2929 886 2929 986 2905 1085 2917 1091 2917 1094 2917 1097 2917 1100 2917 1147 2897 1226 2908 1229 2908 1232 2908 1234 2908 1267 2891 1287 2905 1290 2905 1293 2905 1296 2905 1305 2905 1422 2882 1507 2894 1515 2894 1518 2894 1521 2894 1524 2894 1574 2873 1837 2873 1840 2847 1834 2780 1568 2780 1565 2780 1562 2780 1539 2791 1512 2806 1357 2803 1354 2803 1352 2803 1299 2823 1179 2806 1141 2803 1138 2803 1135 2803 1132 2803 1132 2806 1126 2809 1103 2832 1062 2821 1059 2821 1056 2821 1053 2821 1050 2821 1027 2841 819 2850 714 2829 719 2908"/></Shape>
	    <String CONTENT="Laquelle attaquée d&#39;une maladie de Langueur assise sur un"
                    HPOS="714"
                    VPOS="2780"
                    WIDTH="1126"
                    HEIGHT="157"></String>
          </TextLine>

          
          
          <TextLine ID="eSc_line_be421a77"
                    TAGREFS="LT777"
                    BASELINE="734 2975 1899 2935 2357 2898" 
                    HPOS="728"
                    VPOS="2838"
                    WIDTH="1627"
                    HEIGHT="173">
            <Shape><Polygon POINTS="1632 2859 1627 2859 1589 2859 1574 2861 1548 2861 1545 2861 1463 2891 1457 2891 1451 2891 1363 2870 1360 2870 1217 2891 1179 2876 1164 2879 1135 2905 1106 2905 883 2914 834 2894 813 2894 807 2894 728 2920 731 2973 731 3008 872 3011 875 3011 877 3011 907 2999 951 2984 1000 2996 1038 3002 1041 3002 1220 2996 1223 2996 1226 2996 1226 2993 1240 2981 1255 2967 1375 2964 1425 2973 1445 2975 1448 2975 1492 2970 1565 2958 1586 2964 1606 2973 1609 2973 1612 2973 1615 2973 1618 2973 1618 2970 1627 2961 1635 2955 1668 2961 1744 2973 1747 2973 1913 2955 1946 2967 1949 2967 1951 2967 1954 2967 2022 2940 2028 2940 2033 2940 2086 2955 2089 2955 2092 2955 2095 2955 2098 2955 2124 2937 2139 2949 2142 2949 2145 2949 2148 2949 2355 2923 2355 2897 2352 2853 2109 2838 2107 2838 2104 2838 2036 2864 1969 2844 1966 2844 1963 2844 1960 2844 1957 2844 1916 2870 1913 2873 1817 2876 1805 2876 1709 2856 1706 2856 1635 2856 1632 2859"/></Shape>
	    <String CONTENT="Canapé dans la Chambre d&#39;un apprentis sis dans la Cour d&#39;un"
                    HPOS="728"
                    VPOS="2838"
                    WIDTH="1627"
                    HEIGHT="173"></String>
          </TextLine>

          
          
          <TextLine ID="eSc_line_762c5e4e"
                    TAGREFS="LT777"
                    BASELINE="696 3072 1972 3016 2300 2981" 
                    HPOS="693"
                    VPOS="2917"
                    WIDTH="1610"
                    HEIGHT="225">
            <Shape><Polygon POINTS="696 3072 699 3136 775 3110 863 3130 913 3142 915 3142 1027 3136 1030 3136 1056 3125 1085 3110 1132 3122 1179 3130 1182 3130 1293 3125 1296 3125 1331 3113 1422 3081 1442 3095 1445 3095 1448 3095 1451 3095 1685 3066 1843 3081 1846 3081 1849 3081 1852 3081 1852 3078 1875 3054 1987 3051 2063 3087 2066 3087 2069 3087 2071 3087 2303 3075 2300 2981 2291 2917 2180 2923 2177 2923 2174 2923 2174 2926 2171 2926 2153 2949 2007 2943 2004 2943 2001 2943 1940 2958 1916 2940 1913 2940 1910 2940 1908 2940 1899 2940 1773 2967 1741 2952 1732 2946 1729 2946 1726 2946 1723 2946 1720 2946 1714 2952 1697 2967 1536 2978 1486 2967 1445 2958 1442 2958 1331 2964 1328 2964 1325 2964 1311 2978 1293 2993 1243 2993 1217 2984 1202 2978 1199 2978 1196 2978 1112 2990 1091 2993 1088 2993 1068 2978 1065 2978 1062 2978 1059 2978 1056 2978 1053 2978 1030 2996 1021 3002 1003 2999 942 2981 939 2981 936 2981 933 2981 883 3005 872 3011 851 3008 755 2990 752 2990 749 2990 746 2990 746 2993 722 3016 722 3019 693 3019 696 3072"/></Shape>
	    <String CONTENT="5"
                    HPOS="693"
                    VPOS="2917"
                    WIDTH="1610"
                    HEIGHT="225"></String>
          </TextLine>

          
        </TextBlock>
        
        <TextBlock HPOS="483"
                   VPOS="2959"
                   WIDTH="124"
                   HEIGHT="161"
                   ID="eSc_textblock_e9068fd6"
                   TAGREFS="BT1934">
          <Shape><Polygon POINTS="483 2966 487 3120 607 3120 607 2959"/></Shape>
          
          
          <TextLine ID="eSc_line_16bf3eab"
                    TAGREFS="LT777"
                    BASELINE="494 3102 600 3099" 
                    HPOS="488"
                    VPOS="2933"
                    WIDTH="111"
                    HEIGHT="212">
            <Shape><Polygon POINTS="491 3145 599 3122 599 3098 585 3019 513 2933 488 3057 491 3101"/></Shape>
	    <String CONTENT="9"
                    HPOS="488"
                    VPOS="2933"
                    WIDTH="111"
                    HEIGHT="212"></String>
          </TextLine>

          
        </TextBlock>
        
        <TextBlock HPOS="561"
                   VPOS="3144"
                   WIDTH="112"
                   HEIGHT="148"
                   ID="eSc_textblock_724d7df1"
                   TAGREFS="BT1932">
          <Shape><Polygon POINTS="565 3144 563 3213 561 3292 673 3292 673 3144"/></Shape>
          
          
          <TextLine ID="eSc_line_6cca601b"
                    TAGREFS="LT777"
                    BASELINE="579 3274 666 3271" 
                    HPOS="570"
                    VPOS="3130"
                    WIDTH="94"
                    HEIGHT="155">
            <Shape><Polygon POINTS="576 3271 576 3279 661 3285 664 3268 652 3130 570 3133 576 3271"/></Shape>
	    <String CONTENT=""
                    HPOS="570"
                    VPOS="3130"
                    WIDTH="94"
                    HEIGHT="155"></String>
          </TextLine>

          
        </TextBlock>
        

        
      </PrintSpace>
    </Page>
  </Layout>
</alto>
